1,-Gailu,https://www.badok.eus/euskal-musika/gailu
2,121 Krew,https://www.badok.eus/euskal-musika/121-krew
3,2 Kate,https://www.badok.eus/euskal-musika/2-kate
4,2 Princeses Barbudes,https://www.badok.eus/euskal-musika/2%20Princeses%20Barbudes
5,22m2,https://www.badok.eus/euskal-musika/22-m-2
6,2zio,https://www.badok.eus/euskal-musika/2zio
7,30%,https://www.badok.eus/euskal-musika/30
8,4 Itzal,https://www.badok.eus/euskal-musika/4-itzal
9,4nek,https://www.badok.eus/euskal-musika/4nek
10,6nemen9,https://www.badok.eus/euskal-musika/6nemen9
11,Ødei,https://www.badok.eus/euskal-musika/odei
12,Üther,https://www.badok.eus/euskal-musika/uther
13,A Tuti Plain,https://www.badok.eus/euskal-musika/a-tuti-plain
14,A.Maiah,https://www.badok.eus/euskal-musika/a-maiah
15,Abaunz,https://www.badok.eus/euskal-musika/abaunz
16,Abereh,https://www.badok.eus/euskal-musika/abereh
17,Aberri Txarrak,https://www.badok.eus/euskal-musika/aberri-txarrak
18,Acto Messie,https://www.badok.eus/euskal-musika/acto-messie
19,Adarrots,https://www.badok.eus/euskal-musika/adarrots
20,Addar,https://www.badok.eus/euskal-musika/addar
21,Adi Holden,https://www.badok.eus/euskal-musika/adi-holden
22,Adi!,https://www.badok.eus/euskal-musika/adi
23,Adikune,https://www.badok.eus/euskal-musika/adikune
24,Ados,https://www.badok.eus/euskal-musika/ados
25,Adrenalized,https://www.badok.eus/euskal-musika/adrenalized
26,Adrian Perez,https://www.badok.eus/euskal-musika/adrian-perez
27,Afrika Bibang,https://www.badok.eus/euskal-musika/afrika
28,Afu,https://www.badok.eus/euskal-musika/afu
29,Agara,https://www.badok.eus/euskal-musika/agara
30,Agian,https://www.badok.eus/euskal-musika/agian
31,Agirreak,https://www.badok.eus/euskal-musika/agirreak
32,Agur,https://www.badok.eus/euskal-musika/agur
33,Agurtzane eta Ion Elustondo,https://www.badok.eus/euskal-musika/elustondo
34,Aguxtin Alkhat,https://www.badok.eus/euskal-musika/aguxtin-alkhat
35,Ahaztu Antzean,https://www.badok.eus/euskal-musika/ahaztu-antzean
36,Aho Zakil Konekxion,https://www.badok.eus/euskal-musika/aho-zakil-konekxion
37,Ahuntzape,https://www.badok.eus/euskal-musika/ahuntzape
38,Ain_1,https://www.badok.eus/euskal-musika/ain_1
39,Ainara Legardon,https://www.badok.eus/euskal-musika/ainara-legardon
40,Ainara Ortega,https://www.badok.eus/euskal-musika/ainara-ortega
41,Aingeru Gorrotxategi,https://www.badok.eus/euskal-musika/aingeru
42,Ainhoa Larrañaga,https://www.badok.eus/euskal-musika/ainhoa-larranaga
43,Aintzina,https://www.badok.eus/euskal-musika/aintzina
44,Aire Ahizpak,https://www.badok.eus/euskal-musika/aire-ahizpak
45,Aitona Zittalak Band,https://www.badok.eus/euskal-musika/aitona-zittalak-band
46,Aitor,https://www.badok.eus/euskal-musika/aitor
47,Aitor Badiola,https://www.badok.eus/euskal-musika/aitor-badiola
48,Aitor Etxebarria,https://www.badok.eus/euskal-musika/aitor-etxebarria
49,Aitor Regueiro,https://www.badok.eus/euskal-musika/aitor-regueiro
50,Aitor Rubio,https://www.badok.eus/euskal-musika/aitor-rubio
51,Aiumeen Basoa,https://www.badok.eus/euskal-musika/aiumeen-basoa
52,Aixita  Pop Foundation,https://www.badok.eus/euskal-musika/aixita-pop-foundation
53,Aizkorak Zorroztu,https://www.badok.eus/euskal-musika/aizkorak-zorroztu
54,Akabu,https://www.badok.eus/euskal-musika/akabu
55,Akaleia,https://www.badok.eus/euskal-musika/akaleia
56,Akatu,https://www.badok.eus/euskal-musika/akatu
57,Akauzazte,https://www.badok.eus/euskal-musika/akauzazte
58,Akelarre,https://www.badok.eus/euskal-musika/akelarre
59,Aker Odol,https://www.badok.eus/euskal-musika/aker-odol
60,Akoka,https://www.badok.eus/euskal-musika/akoka
61,aKts,https://www.badok.eus/euskal-musika/akts
62,Alaitz eta Maider,https://www.badok.eus/euskal-musika/alaitz-eta-maider
63,Alarma Morea,https://www.badok.eus/euskal-musika/alarma-morea
64,ALBA,https://www.badok.eus/euskal-musika/alba
65,Alberto Lizarralde,https://www.badok.eus/euskal-musika/alberto-lizarralde
66,Alboka,https://www.badok.eus/euskal-musika/alboka
67,Albosax,https://www.badok.eus/euskal-musika/albosax
68,Algoritmötik At,https://www.badok.eus/euskal-musika/algoritmotik-at
69,Alos Quartet,https://www.badok.eus/euskal-musika/alos-quartet
70,Alter Ego,https://www.badok.eus/euskal-musika/alter-ego
71,Altxatu,https://www.badok.eus/euskal-musika/altxatu
72,Altzükütarrak,https://www.badok.eus/euskal-musika/altzukutarrak
73,Ama Say,https://www.badok.eus/euskal-musika/ama-say
74,Amaia Miranda,https://www.badok.eus/euskal-musika/amaia-miranda
75,Amaia Riouspeyrous,https://www.badok.eus/euskal-musika/amaia-riouspeyrous
76,Amaia Zubiria,https://www.badok.eus/euskal-musika/amaia-zubiria
77,Amak,https://www.badok.eus/euskal-musika/amak
78,Amaren Alabak,https://www.badok.eus/euskal-musika/amaren-alabak
79,Ameba,https://www.badok.eus/euskal-musika/ameba
80,Ameslariak,https://www.badok.eus/euskal-musika/ameslariak
81,Amets,https://www.badok.eus/euskal-musika/amets
82,Amodio,https://www.badok.eus/euskal-musika/amodio
83,Amooma,https://www.badok.eus/euskal-musika/amooma
84,Amorante,https://www.badok.eus/euskal-musika/amorante
85,Anai,https://www.badok.eus/euskal-musika/anai
86,Anai Arrebak,https://www.badok.eus/euskal-musika/anai-arrebak
87,Anari,https://www.badok.eus/euskal-musika/anari
88,Ander Erzilla,https://www.badok.eus/euskal-musika/ander-erzilla
89,Ander Garcia,https://www.badok.eus/euskal-musika/ander-garcia
90,Ander Unzaga,https://www.badok.eus/euskal-musika/ander-unzaga
91,Andoni Arcilla Group,https://www.badok.eus/euskal-musika/andoni-arcilla-group
92,Andoni Olaetxea eta Telmo Trenor,https://www.badok.eus/euskal-musika/andoni-olaetxea-eta-telmo-trenor
93,Andrakan,https://www.badok.eus/euskal-musika/andrakan
94,Aneguria,https://www.badok.eus/euskal-musika/aneguria
95,Aneika Ara,https://www.badok.eus/euskal-musika/aneika-ara
96,Anestesia,https://www.badok.eus/euskal-musika/anestesia
97,"Angel Azkarraga ""Matxitxa""",https://www.badok.eus/euskal-musika/angel-azkarraga-matxitxa
98,Angel Katarain,https://www.badok.eus/euskal-musika/angel-katarain
99,Anger,https://www.badok.eus/euskal-musika/anger
100,Anita Parker,https://www.badok.eus/euskal-musika/anita-parker
101,Anje Duhalde,https://www.badok.eus/euskal-musika/anje-duhalde
102,Ankenai,https://www.badok.eus/euskal-musika/ankenai
103,Anker,https://www.badok.eus/euskal-musika/anker
104,Ankhar,https://www.badok.eus/euskal-musika/ankhar
105,Anne Etxegoien,https://www.badok.eus/euskal-musika/anne-etxegoien
106,Anne Lukin,https://www.badok.eus/euskal-musika/anne-lukin
107,Anonyme Popular,https://www.badok.eus/euskal-musika/anonyme-popular
108,Ansorena & Senperena,https://www.badok.eus/euskal-musika/ansorena-senperena
109,Anticontinente,https://www.badok.eus/euskal-musika/anticontinente
110,Antihumano,https://www.badok.eus/euskal-musika/antihumano
111,Antton,https://www.badok.eus/euskal-musika/antton
112,Antton Aranburu,https://www.badok.eus/euskal-musika/antton-aranburu
113,Antton Larrandaburu & Bitxiloreak,https://www.badok.eus/euskal-musika/antton-larrandaburu-bitxiloreak
114,Antton Valverde,https://www.badok.eus/euskal-musika/antton-valverde
115,Añube,https://www.badok.eus/euskal-musika/anube
116,Apalatxe,https://www.badok.eus/euskal-musika/apalatxe
117,Apurtu,https://www.badok.eus/euskal-musika/apurtu
118,Arakajun,https://www.badok.eus/euskal-musika/arakajun
119,Arean,https://www.badok.eus/euskal-musika/arean
120,Arekan,https://www.badok.eus/euskal-musika/arekan
121,Arene 6,https://www.badok.eus/euskal-musika/arene-6
122,Aresi,https://www.badok.eus/euskal-musika/aresi
123,Argazki bat behelainoan,https://www.badok.eus/euskal-musika/argazki-bat-behelainoan
124,Argoitia neba-arrebak,https://www.badok.eus/euskal-musika/argoitia-neba-arrebak
125,Arima,https://www.badok.eus/euskal-musika/arima
126,Arima Beltza,https://www.badok.eus/euskal-musika/arima-beltza
127,Arima Soul,https://www.badok.eus/euskal-musika/arima-soul
128,Aritzak,https://www.badok.eus/euskal-musika/aritzak
129,Arkada Social,https://www.badok.eus/euskal-musika/arkada-social
130,Arkaiko,https://www.badok.eus/euskal-musika/arkaiko
131,Arkaitz Miner,https://www.badok.eus/euskal-musika/arkaitz-miner
132,Aro,https://www.badok.eus/euskal-musika/aro
133,Arrano Pertxa eta Lengu Iluna,https://www.badok.eus/euskal-musika/arrano-pertxa-eta-lengu-iluna
134,Arrotzak,https://www.badok.eus/euskal-musika/arrotzak
135,Arrutiko Intxaurrak,https://www.badok.eus/euskal-musika/arrutiko-intxaurrak
136,Arthur's Toys,https://www.badok.eus/euskal-musika/arthurs-toys
137,Artze anaiak,https://www.badok.eus/euskal-musika/artze-anaiak
138,Asgarth,https://www.badok.eus/euskal-musika/asgarth
139,Asier LI,https://www.badok.eus/euskal-musika/asier-l-i
140,Asier Serrano,https://www.badok.eus/euskal-musika/asier-serrano
141,Askapen Sound Sistema,https://www.badok.eus/euskal-musika/askapen-sound-sistema
142,Askoren artean,https://www.badok.eus/euskal-musika/askoren-artean
143,Asla,https://www.badok.eus/euskal-musika/asla
144,Assata,https://www.badok.eus/euskal-musika/assata
145,Astoturfer,https://www.badok.eus/euskal-musika/astoturfer
146,Atanas Akerstra,https://www.badok.eus/euskal-musika/atanas-akerstra
147,Atazál,https://www.badok.eus/euskal-musika/atazal
148,Aterkings,https://www.badok.eus/euskal-musika/aterkings
149,Atomoog,https://www.badok.eus/euskal-musika/atomoog
150,Atzekabe,https://www.badok.eus/euskal-musika/atzekabe
151,Audience,https://www.badok.eus/euskal-musika/audience
152,Aukera Okerra,https://www.badok.eus/euskal-musika/aukera-okerra
153,Auritz,https://www.badok.eus/euskal-musika/auritz
154,Aurrez Aurre,https://www.badok.eus/euskal-musika/aurrez-aurre
155,Autobus Magikoa,https://www.badok.eus/euskal-musika/autobus-magikoa
156,"Axeri, Fane, Eli, FEZE",https://www.badok.eus/euskal-musika/axeri-fane-eli-feze
157,Axular DJ,https://www.badok.eus/euskal-musika/axular-dj
158,AyVee,https://www.badok.eus/euskal-musika/ayvee
159,Azala,https://www.badok.eus/euskal-musika/azala
160,Azalera,https://www.badok.eus/euskal-musika/azalera
161,Azken Aukera,https://www.badok.eus/euskal-musika/azken-aukera
162,Azken Sustraiak,https://www.badok.eus/euskal-musika/azken-sustraiak
163,Azken Trena,https://www.badok.eus/euskal-musika/azken-trena
164,Babilbon,https://www.badok.eus/euskal-musika/babilbon
165,Bad Sound,https://www.badok.eus/euskal-musika/bad-sound
166,Baizera!,https://www.badok.eus/euskal-musika/baizera
167,Bake Faltsua,https://www.badok.eus/euskal-musika/bake-faltsua
168,Bakelite,https://www.badok.eus/euskal-musika/bakelite
169,Baldin Bada,https://www.badok.eus/euskal-musika/baldin-bada
170,Balerdi Balerdi,https://www.badok.eus/euskal-musika/balerdi-balerdi
171,Baloreak,https://www.badok.eus/euskal-musika/baloreak
172,BAMMS,https://www.badok.eus/euskal-musika/bamms
173,Bananas,https://www.badok.eus/euskal-musika/bananas
174,Baneteuanba,https://www.badok.eus/euskal-musika/baneteuanba
175,Baobabs Will Destroy Your Planet,https://www.badok.eus/euskal-musika/baobabs-will-destroy-your-planet
176,Bap!!,https://www.badok.eus/euskal-musika/bap
177,Barne Guda,https://www.badok.eus/euskal-musika/barne-guda
178,Barrakos,https://www.badok.eus/euskal-musika/barrakos
179,Bas(h)oan,https://www.badok.eus/euskal-musika/bashoan
180,Basaki,https://www.badok.eus/euskal-musika/basaki
181,Bastardix,https://www.badok.eus/euskal-musika/bastardix
182,Bat Gehio,https://www.badok.eus/euskal-musika/bat-gehio
183,Bazka,https://www.badok.eus/euskal-musika/bazka
184,Begiz Begi,https://www.badok.eus/euskal-musika/begiz-begi
185,Behi Bi Blues,https://www.badok.eus/euskal-musika/behi-bi-blues
186,Behi Bideko Andere Xuriak,https://www.badok.eus/euskal-musika/behi-bideko-andere-zuriak
187,Beietz!,https://www.badok.eus/euskal-musika/beietz
188,Beira,https://www.badok.eus/euskal-musika/beira
189,Belako,https://www.badok.eus/euskal-musika/belako
190,Belardi,https://www.badok.eus/euskal-musika/belardi
191,Belarmiñak,https://www.badok.eus/euskal-musika/belarminak
192,Belatz,https://www.badok.eus/euskal-musika/belatz
193,Belaya Gora,https://www.badok.eus/euskal-musika/belaya-gora
194,Belceblues,https://www.badok.eus/euskal-musika/belceblues
195,Beltzez,https://www.badok.eus/euskal-musika/beltzez
196,Beñaranks,https://www.badok.eus/euskal-musika/benaranks
197,Beñat Axiari,https://www.badok.eus/euskal-musika/benat-axiari
198,Beñat Igerabide,https://www.badok.eus/euskal-musika/benat-igerabide
199,Bengo,https://www.badok.eus/euskal-musika/bengo
200,Benito Lertxundi,https://www.badok.eus/euskal-musika/benito-lertxundi
201,Benizze,https://www.badok.eus/euskal-musika/benizze
202,Berri Txarrak,https://www.badok.eus/euskal-musika/berri-txarrak
203,Bertan Bera,https://www.badok.eus/euskal-musika/bertan-bera
204,Betagarri,https://www.badok.eus/euskal-musika/betagarri
205,Beti Mugan,https://www.badok.eus/euskal-musika/beti-mugan
206,Betizu Taldea,https://www.badok.eus/euskal-musika/betizu-taldea
207,Bi Bala,https://www.badok.eus/euskal-musika/bi-bala
208,Bi Zaldi,https://www.badok.eus/euskal-musika/bi-zaldi
209,Bibi,https://www.badok.eus/euskal-musika/bibi
210,Bidaia,https://www.badok.eus/euskal-musika/bidaia
211,Bide Ertzean,https://www.badok.eus/euskal-musika/bide-ertzean
212,Bidebat,https://www.badok.eus/euskal-musika/bidebat
213,Bidelapurrak,https://www.badok.eus/euskal-musika/bidelapurrak
214,Big Bob Railroad,https://www.badok.eus/euskal-musika/big-bob-railroad
215,Big Boy,https://www.badok.eus/euskal-musika/big-boy
216,Bihar,https://www.badok.eus/euskal-musika/bihar
217,Bihozkada,https://www.badok.eus/euskal-musika/bihozkada
218,Bilaka,https://www.badok.eus/euskal-musika/bilaka
219,Bilau,https://www.badok.eus/euskal-musika/bilau
220,Bilbomatiks,https://www.badok.eus/euskal-musika/bilbomatiks
221,Billy Club,https://www.badok.eus/euskal-musika/billy-club
222,Biluzik,https://www.badok.eus/euskal-musika/biluzik
223,Biren,https://www.badok.eus/euskal-musika/biren
224,Birkit,https://www.badok.eus/euskal-musika/birkit
225,Birle,https://www.badok.eus/euskal-musika/birle
226,Biruss,https://www.badok.eus/euskal-musika/biruss
227,Bittor Aiape,https://www.badok.eus/euskal-musika/bittor-aiape
228,Bittor Egurrola,https://www.badok.eus/euskal-musika/bittor-egurrola
229,Bitz,https://www.badok.eus/euskal-musika/bitz
230,Bixente Martinez,https://www.badok.eus/euskal-musika/bixente-martinez
231,Bizardunak,https://www.badok.eus/euskal-musika/bizardunak
232,Bizarro,https://www.badok.eus/euskal-musika/bizarro
233,Bizkar Hezurra,https://www.badok.eus/euskal-musika/bizkar-hezurra
234,Blaka,https://www.badok.eus/euskal-musika/blaka
235,Blanquita Carraquela,https://www.badok.eus/euskal-musika/blanquita-carraquela
236,Bloñ,https://www.badok.eus/euskal-musika/blon
237,BÑT,https://www.badok.eus/euskal-musika/bnt
238,Bob Xatar,https://www.badok.eus/euskal-musika/bob-xatar
239,Bolbora,https://www.badok.eus/euskal-musika/bolbora
240,Bonberenea Txaranga,https://www.badok.eus/euskal-musika/bonberenea-txaranga
241,Borbor,https://www.badok.eus/euskal-musika/borbor
242,Borrokan,https://www.badok.eus/euskal-musika/borrokan
243,Bostenbor,https://www.badok.eus/euskal-musika/bostenbor
244,Braulio,https://www.badok.eus/euskal-musika/braulio
245,Brigada Criminal,https://www.badok.eus/euskal-musika/brigada-criminal
246,Brigade Loco,https://www.badok.eus/euskal-musika/brigade-loco
247,Broken Bihotz,https://www.badok.eus/euskal-musika/broken-bihotz
248,Broken Brothers Brass Band,https://www.badok.eus/euskal-musika/broken-brothers-brass-band
249,Broken Legacy,https://www.badok.eus/euskal-musika/broken-legacy
250,Bronze,https://www.badok.eus/euskal-musika/bronze
251,Buffalo,https://www.badok.eus/euskal-musika/buffalo
252,Buitraker,https://www.badok.eus/euskal-musika/buitraker
253,Bulego,https://www.badok.eus/euskal-musika/bulego
254,Bullets of Misery,https://www.badok.eus/euskal-musika/bullets-of-misery
255,Bultz!,https://www.badok.eus/euskal-musika/bultz
256,Burrundaria,https://www.badok.eus/euskal-musika/burrundaria
257,Buru Arin,https://www.badok.eus/euskal-musika/buru-arin
258,Burun Danga,https://www.badok.eus/euskal-musika/burun-danga
259,Burutik,https://www.badok.eus/euskal-musika/burutik
260,Cäctus,https://www.badok.eus/euskal-musika/cactus
261,Candidato Manchú,https://www.badok.eus/euskal-musika/candidato-manchu
262,Captain Nemo,https://www.badok.eus/euskal-musika/captain-nemo
263,Carcascara,https://www.badok.eus/euskal-musika/carcascara
264,Catch & Soul,https://www.badok.eus/euskal-musika/catch-soul
265,Chill Mafia,https://www.badok.eus/euskal-musika/chill-mafia
266,Ciervoworld,https://www.badok.eus/euskal-musika/ciervoworld
267,Cobra,https://www.badok.eus/euskal-musika/cobra
268,Conflict Noise,https://www.badok.eus/euskal-musika/conflict-noise
269,Cyber,https://www.badok.eus/euskal-musika/cyber
270,D-Pintxos,https://www.badok.eus/euskal-musika/d-pintxos
271,D-Rais,https://www.badok.eus/euskal-musika/d-rais
272,Dama,https://www.badok.eus/euskal-musika/dama
273,Damba,https://www.badok.eus/euskal-musika/damba
274,Damudot,https://www.badok.eus/euskal-musika/damudot
275,Danajan,https://www.badok.eus/euskal-musika/danajan
276,Danba,https://www.badok.eus/euskal-musika/danba
277,Dantzut,https://www.badok.eus/euskal-musika/dantzut
278,Daroa,https://www.badok.eus/euskal-musika/daroa
279,Deabruak Teilatuetan,https://www.badok.eus/euskal-musika/deabruak-teilatuetan
280,Debekatua,https://www.badok.eus/euskal-musika/debekatua
281,Deiedra,https://www.badok.eus/euskal-musika/deiedra
282,Dekot,https://www.badok.eus/euskal-musika/dekot
283,Delient,https://www.badok.eus/euskal-musika/delient
284,Delirium Tremens,https://www.badok.eus/euskal-musika/delirium-tremens
285,Delorean,https://www.badok.eus/euskal-musika/delorean
286,Dena,https://www.badok.eus/euskal-musika/dena
287,Des-kontrol,https://www.badok.eus/euskal-musika/des-kontrol
288,Desgaraian,https://www.badok.eus/euskal-musika/desgaraian
289,Desira,https://www.badok.eus/euskal-musika/desira
290,Desordutan,https://www.badok.eus/euskal-musika/desordutan
291,Desore,https://www.badok.eus/euskal-musika/desore
292,Desoreka,https://www.badok.eus/euskal-musika/desoreka
293,Deus Ez,https://www.badok.eus/euskal-musika/deus-ez
294,Diabolo Kiwi,https://www.badok.eus/euskal-musika/diabolo-kiwi
295,Didar,https://www.badok.eus/euskal-musika/didar
296,Dientes de Luna,https://www.badok.eus/euskal-musika/dientes-de-luna
297,DJ Makala & Korrontzi,https://www.badok.eus/euskal-musika/dj-makala-korrontzi
298,Doctor Deseo,https://www.badok.eus/euskal-musika/doctor-deseo
299,Dodosound,https://www.badok.eus/euskal-musika/dodosound
300,Doktor Deslai,https://www.badok.eus/euskal-musika/doctor-deslai
301,Don Inorrez,https://www.badok.eus/euskal-musika/don-inorrez
302,Don't Save The Queen,https://www.badok.eus/euskal-musika/god-save-the-queen
303,Drumkopters,https://www.badok.eus/euskal-musika/drumkopters
304,Dube,https://www.badok.eus/euskal-musika/dube
305,Duenak Azer Piper,https://www.badok.eus/euskal-musika/duenak-azer-piper
306,Dukkha,https://www.badok.eus/euskal-musika/dukkha
307,Duluth,https://www.badok.eus/euskal-musika/duluth
308,Dunne,https://www.badok.eus/euskal-musika/dunne
309,Dupla,https://www.badok.eus/euskal-musika/dupla
310,Dut,https://www.badok.eus/euskal-musika/dut
311,Edozein Bi,https://www.badok.eus/euskal-musika/edozein-bi
312,Edu Iriondo,https://www.badok.eus/euskal-musika/edu-iriondo
313,Egan,https://www.badok.eus/euskal-musika/egan
314,Egun Beltzak,https://www.badok.eus/euskal-musika/egun-beltzak
315,Egurra ta Kitto,https://www.badok.eus/euskal-musika/egurra-ta-kitto
316,EH Sukarra,https://www.badok.eus/euskal-musika/eh-sukarra
317,Ehun Kilo,https://www.badok.eus/euskal-musika/ehun-kilo
318,EHZ Festibala,https://www.badok.eus/euskal-musika/EHZ%20Festibala
319,Eider,https://www.badok.eus/euskal-musika/eider
320,Eire,https://www.badok.eus/euskal-musika/eire
321,Ekhi Lambert,https://www.badok.eus/euskal-musika/ekhi-lambert
322,Ekida,https://www.badok.eus/euskal-musika/ekida
323,Ekiñe,https://www.badok.eus/euskal-musika/ekine
324,Ekiza,https://www.badok.eus/euskal-musika/ekiza
325,Ekon,https://www.badok.eus/euskal-musika/ekon
326,Ekuru,https://www.badok.eus/euskal-musika/ekuru
327,El Puto Ior,https://www.badok.eus/euskal-musika/el-puto-ior
328,Elaudi,https://www.badok.eus/euskal-musika/elaudi
329,Elbereth,https://www.badok.eus/euskal-musika/elbereth
330,"Elena Setien, Grande Days, Xabier Erkizia",https://www.badok.eus/euskal-musika/elena-setien-grande-days-xabier-erkizia
331,Eli Bujanda,https://www.badok.eus/euskal-musika/eli-bujanda
332,Eli eta Manex Pagola,https://www.badok.eus/euskal-musika/eli-eta-manex-pagola
333,Elizabeltz,https://www.badok.eus/euskal-musika/elizabeltz
334,Elodie Baffalio,https://www.badok.eus/euskal-musika/elodie-baffalio
335,Elortegi Anayak,https://www.badok.eus/euskal-musika/elortegi-anayak
336,Eltzegor,https://www.badok.eus/euskal-musika/eltzegor
337,Elurretan,https://www.badok.eus/euskal-musika/elurretan
338,eMe,https://www.badok.eus/euskal-musika/eme
339,Emon,https://www.badok.eus/euskal-musika/emon
340,En Tol Sarmiento,https://www.badok.eus/euskal-musika/en-tol-sarmiento
341,Enarak,https://www.badok.eus/euskal-musika/enarak
342,Eñaut Elorrieta,https://www.badok.eus/euskal-musika/enaut-elorrieta
343,Eñaut Zubizarreta,https://www.badok.eus/euskal-musika/enaut-zubizarreta
344,Enbor,https://www.badok.eus/euskal-musika/enbor
345,Enbor Arnasa,https://www.badok.eus/euskal-musika/enbor-arnasa
346,Endemaño,https://www.badok.eus/euskal-musika/endemano
347,Endika Lahaine & Hawaiiano Kid,https://www.badok.eus/euskal-musika/endika-lahaine-hawaiiano-kid
348,Ene Kantak,https://www.badok.eus/euskal-musika/ene-kantak
349,Eneko Dorronsoro,https://www.badok.eus/euskal-musika/eneko-dorronsoro
350,Eneko Labegerie,https://www.badok.eus/euskal-musika/eneko-labegerie
351,Enekora,https://www.badok.eus/euskal-musika/enekora
352,Eneritz Furyak,https://www.badok.eus/euskal-musika/eneritz-furyak
353,Enkore,https://www.badok.eus/euskal-musika/enkore
354,Eorann,https://www.badok.eus/euskal-musika/eorann
355,EraBatera,https://www.badok.eus/euskal-musika/erabatera
356,Eraso!,https://www.badok.eus/euskal-musika/eraso
357,Erasoka,https://www.badok.eus/euskal-musika/erasoka
358,Eratu,https://www.badok.eus/euskal-musika/eratu
359,Eraul,https://www.badok.eus/euskal-musika/eraul
360,Erbestean,https://www.badok.eus/euskal-musika/erbestean
361,Erlak,https://www.badok.eus/euskal-musika/erlak
362,Ero,https://www.badok.eus/euskal-musika/ero
363,Erokomeri,https://www.badok.eus/euskal-musika/erokomeri
364,Erraiak,https://www.badok.eus/euskal-musika/erraiak
365,Erramun Martikorena,https://www.badok.eus/euskal-musika/erramun-martikorena
366,Erre,https://www.badok.eus/euskal-musika/erre
367,Errietan,https://www.badok.eus/euskal-musika/errietan
368,Errime,https://www.badok.eus/euskal-musika/errime
369,Errobi,https://www.badok.eus/euskal-musika/errobi
370,Erroma,https://www.badok.eus/euskal-musika/erroma
371,Erronkak,https://www.badok.eus/euskal-musika/erronkak
372,Ertzak,https://www.badok.eus/euskal-musika/ertzak
373,Esanezin,https://www.badok.eus/euskal-musika/esanezin
374,Eskean Kristö,https://www.badok.eus/euskal-musika/eskean-kristo
375,Esne Beltza,https://www.badok.eus/euskal-musika/esne-beltza
376,Espartzu,https://www.badok.eus/euskal-musika/espartzu
377,Estankona,https://www.badok.eus/euskal-musika/estankona
378,Esti eta Mikel Markez,https://www.badok.eus/euskal-musika/esti-eta-mikel-markez
379,Esti Markez,https://www.badok.eus/euskal-musika/esti-markez
380,Estitxu,https://www.badok.eus/euskal-musika/estitxu
381,Estitxu,https://www.badok.eus/euskal-musika/estitxu-1
382,Estricalla,https://www.badok.eus/euskal-musika/estricalla
383,Estu & Larri,https://www.badok.eus/euskal-musika/estu-larri
384,Eten,https://www.badok.eus/euskal-musika/eten
385,Etorkizun Beltza,https://www.badok.eus/euskal-musika/etorkizun-beltza
386,Etsaiak,https://www.badok.eus/euskal-musika/etsaiak
387,Etsaiakeroak,https://www.badok.eus/euskal-musika/etsaiakeroak
388,Etxamendi eta Larralde,https://www.badok.eus/euskal-musika/etxamendi-eta-larralde
389,Etxe,https://www.badok.eus/euskal-musika/etxe
390,Etxekalte,https://www.badok.eus/euskal-musika/etxekalte
391,Etxekalte + Habi,https://www.badok.eus/euskal-musika/etxekalte-habi
392,Etxepare Rap,https://www.badok.eus/euskal-musika/etxepare-rap
393,Etzakit,https://www.badok.eus/euskal-musika/etzakit
394,Euskanta,https://www.badok.eus/euskal-musika/euskanta
395,Euskaros,https://www.badok.eus/euskal-musika/euskaros
396,Euskatalites,https://www.badok.eus/euskal-musika/euskatalites
397,Exkixu,https://www.badok.eus/euskal-musika/exkixu
398,Exstingure,https://www.badok.eus/euskal-musika/exstingure
399,Ez Dok Amairu,https://www.badok.eus/euskal-musika/ez-dok-amairu
400,Ezbaian,https://www.badok.eus/euskal-musika/ezbaian
401,Ezin Eta,https://www.badok.eus/euskal-musika/ezin-eta
402,Ezin Izan,https://www.badok.eus/euskal-musika/ezin-izan
403,Ezinean,https://www.badok.eus/euskal-musika/ezinean
404,Ezpalak,https://www.badok.eus/euskal-musika/ezpalak
405,Eztanda,https://www.badok.eus/euskal-musika/eztanda
406,Eztandap,https://www.badok.eus/euskal-musika/eztandap
407,Ezurte,https://www.badok.eus/euskal-musika/ezurte
408,Falta,https://www.badok.eus/euskal-musika/falta
409,Far Far,https://www.badok.eus/euskal-musika/far-far
410,FastFatum,https://www.badok.eus/euskal-musika/fast-fatum
411,Feline,https://www.badok.eus/euskal-musika/feline
412,Fergusons,https://www.badok.eus/euskal-musika/fergusons
413,Fermin Muguruza,https://www.badok.eus/euskal-musika/fermin-muguruza
414,Fermin Muguruza eta Dut,https://www.badok.eus/euskal-musika/fermin-muguruza-eta-dut
415,Fernalia,https://www.badok.eus/euskal-musika/fernalia
416,Fernando Unsain,https://www.badok.eus/euskal-musika/fernando-unsain
417,Fetitxe,https://www.badok.eus/euskal-musika/fetitxe
418,Fiachras,https://www.badok.eus/euskal-musika/fiachras
419,Fits,https://www.badok.eus/euskal-musika/fits
420,Five Corners,https://www.badok.eus/euskal-musika/five-corners
421,Fizt & Furiuz,https://www.badok.eus/euskal-musika/fizt-furiuz
422,Fjord,https://www.badok.eus/euskal-musika/fjord
423,FlakUtt,https://www.badok.eus/euskal-musika/flakutt
424,Flash,https://www.badok.eus/euskal-musika/flash
425,Floxbin,https://www.badok.eus/euskal-musika/floxbin
426,Fly Shit,https://www.badok.eus/euskal-musika/fly-shit
427,Folketan,https://www.badok.eus/euskal-musika/folketan
428,Four Friends,https://www.badok.eus/euskal-musika/four-friends
429,Fran Lasuen,https://www.badok.eus/euskal-musika/fran-lasuen
430,Frikun,https://www.badok.eus/euskal-musika/frikun
431,Fufu,https://www.badok.eus/euskal-musika/fufu
432,Fumut,https://www.badok.eus/euskal-musika/fumut
433,Fundiziyue,https://www.badok.eus/euskal-musika/fundiziyue
434,Fusible,https://www.badok.eus/euskal-musika/fusible
435,G.A.Z Limbo,https://www.badok.eus/euskal-musika/g-a-z-limbo
436,Gabezia,https://www.badok.eus/euskal-musika/gabezia
437,Gadafiste Brothers & Sisters,https://www.badok.eus/euskal-musika/gadafiste-brothers-sisters
438,Gaizkiñe,https://www.badok.eus/euskal-musika/gaizkine
439,Galazota,https://www.badok.eus/euskal-musika/galazota
440,Galea,https://www.badok.eus/euskal-musika/galea
441,Galtzagorriak,https://www.badok.eus/euskal-musika/galtzagorriak
442,Ganbara,https://www.badok.eus/euskal-musika/ganbara
443,Ganorabakuek,https://www.badok.eus/euskal-musika/ganorabakuek
444,Garaje Drama,https://www.badok.eus/euskal-musika/garaje-drama
445,Garazi Gorostiaga,https://www.badok.eus/euskal-musika/garazi-gorostiaga
446,Gargara,https://www.badok.eus/euskal-musika/gargara
447,Gari,https://www.badok.eus/euskal-musika/gari
448,Garilak 26,https://www.badok.eus/euskal-musika/garilak-26
449,Garoa,https://www.badok.eus/euskal-musika/garoa
450,Garraio,https://www.badok.eus/euskal-musika/garraio
451,Gatibu,https://www.badok.eus/euskal-musika/gatibu
452,Gatom,https://www.badok.eus/euskal-musika/gatom
453,Gatz,https://www.badok.eus/euskal-musika/gatz
454,Gaua Project,https://www.badok.eus/euskal-musika/gaua-project
455,Gaur,https://www.badok.eus/euskal-musika/gaur
456,Gaur Ez,https://www.badok.eus/euskal-musika/gaur-ez
457,Géra,https://www.badok.eus/euskal-musika/gera
458,Gernika,https://www.badok.eus/euskal-musika/gernika
459,Ghau,https://www.badok.eus/euskal-musika/ghau
460,Giante,https://www.badok.eus/euskal-musika/giante
461,Gilda,https://www.badok.eus/euskal-musika/gilda
462,Ginger,https://www.badok.eus/euskal-musika/ginger
463,Glaukoma,https://www.badok.eus/euskal-musika/glaukoma
464,Goienetxe Anaiak,https://www.badok.eus/euskal-musika/goienetxe-anaiak
465,Goliath,https://www.badok.eus/euskal-musika/goliath
466,Gontzal Mendibil,https://www.badok.eus/euskal-musika/gontzal-mendibil
467,Gora Gora Kids,https://www.badok.eus/euskal-musika/gora-gora-kids
468,Gora Japon,https://www.badok.eus/euskal-musika/gora-japon
469,Gorka Gaztanbide & Txikizio Kuadrilla,https://www.badok.eus/euskal-musika/gorka-gaztanbide-txikizio-kuadrilla
470,Gorka Knorr,https://www.badok.eus/euskal-musika/gorka-knorr
471,Gorka Robles,https://www.badok.eus/euskal-musika/gorka-robles
472,Gorka Sarriegi,https://www.badok.eus/euskal-musika/gorka-sarriegi
473,Gorka Suaia eta Markes Iraizoz,https://www.badok.eus/euskal-musika/gorka-suaia-eta-markes-iraizoz
474,Gorkhiru,https://www.badok.eus/euskal-musika/gorkhiru
475,Goroldio,https://www.badok.eus/euskal-musika/goroldio
476,Gorpuzkingz,https://www.badok.eus/euskal-musika/gorpuzkingz
477,GorriBaltz,https://www.badok.eus/euskal-musika/gorribaltz
478,Gose,https://www.badok.eus/euskal-musika/gose
479,Governors,https://www.badok.eus/euskal-musika/governors
480,Goxua'n Salsa,https://www.badok.eus/euskal-musika/goxuan-salsa
481,Gozategi,https://www.badok.eus/euskal-musika/gozategi
482,Gu ta Gutarrak,https://www.badok.eus/euskal-musika/gora-gu-ta-gutarrak
483,Guda Dantza,https://www.badok.eus/euskal-musika/guda-dantza
484,Guk,https://www.badok.eus/euskal-musika/guk
485,Gure Bidea,https://www.badok.eus/euskal-musika/gure-bidea
486,Gutariko Bat,https://www.badok.eus/euskal-musika/gutariko-bat
487,Guzural,https://www.badok.eus/euskal-musika/guzural
488,GZR,https://www.badok.eus/euskal-musika/gzr
489,Haatik,https://www.badok.eus/euskal-musika/haatik
490,Habi,https://www.badok.eus/euskal-musika/habi
491,Habia,https://www.badok.eus/euskal-musika/habia
492,Hagoan,https://www.badok.eus/euskal-musika/hagoan
493,Haira,https://www.badok.eus/euskal-musika/haira
494,Haize Gorria,https://www.badok.eus/euskal-musika/haize-gorria
495,Haize-arrosa,https://www.badok.eus/euskal-musika/haize-arrosa
496,Haizea,https://www.badok.eus/euskal-musika/haizea
497,Haizea Martiartu,https://www.badok.eus/euskal-musika/haizea-martiartu
498,Haizeatxo,https://www.badok.eus/euskal-musika/haizea-alonso
499,Hamabi,https://www.badok.eus/euskal-musika/hamabi
500,Hamar,https://www.badok.eus/euskal-musika/hamar
501,Han.,https://www.badok.eus/euskal-musika/han
502,Hara!,https://www.badok.eus/euskal-musika/hara
503,Haragi Gordiña,https://www.badok.eus/euskal-musika/haragi-gordina
504,Harat,https://www.badok.eus/euskal-musika/harat
505,Harlax,https://www.badok.eus/euskal-musika/harlax
506,Harresian Zulo,https://www.badok.eus/euskal-musika/harresian-zulo
507,Harria,https://www.badok.eus/euskal-musika/harria
508,Harribitxi,https://www.badok.eus/euskal-musika/harribitxi
509,Harrika,https://www.badok.eus/euskal-musika/harrika
510,Hartz,https://www.badok.eus/euskal-musika/hartz
511,Hartzak Blues Band,https://www.badok.eus/euskal-musika/hartzak-blues-band
512,Hatxe,https://www.badok.eus/euskal-musika/hatxe
513,Haurtzarrak,https://www.badok.eus/euskal-musika/haurtzarrak
514,Haustura,https://www.badok.eus/euskal-musika/haustura
515,Haxotz,https://www.badok.eus/euskal-musika/haxotz
516,Hazurbaltzak,https://www.badok.eus/euskal-musika/hazurbaltzak
517,Hedoi Etxarte,https://www.badok.eus/euskal-musika/hedoi-etxarte
518,Hegazkin,https://www.badok.eus/euskal-musika/hegazkin
519,Hegoak,https://www.badok.eus/euskal-musika/hegoak
520,Helde,https://www.badok.eus/euskal-musika/helde
521,Hemendik At!,https://www.badok.eus/euskal-musika/hemendik-at
522,Hemendio,https://www.badok.eus/euskal-musika/hemendio
523,Herabe,https://www.badok.eus/euskal-musika/herabe
524,Herdoil,https://www.badok.eus/euskal-musika/herdoil
525,Herra,https://www.badok.eus/euskal-musika/herra
526,Herri Oihua,https://www.badok.eus/euskal-musika/herri-oihua
527,Herrima,https://www.badok.eus/euskal-musika/herrima
528,Herstura,https://www.badok.eus/euskal-musika/herstura
529,Hertzainak,https://www.badok.eus/euskal-musika/hertzainak
530,Hesian,https://www.badok.eus/euskal-musika/hesian
531,Hezurbeltzak,https://www.badok.eus/euskal-musika/hezurbeltzak
532,Hi Exekutibo,https://www.badok.eus/euskal-musika/hi-exekutibo
533,Hibai,https://www.badok.eus/euskal-musika/hibai
534,Hibai Rekondo,https://www.badok.eus/euskal-musika/hibai-rekondo
535,Hibakusha,https://www.badok.eus/euskal-musika/hibakusha
536,Hiena,https://www.badok.eus/euskal-musika/hiena
537,Higa,https://www.badok.eus/euskal-musika/higa
538,Hil Norbait,https://www.badok.eus/euskal-musika/hil-norbait
539,Hilbera,https://www.badok.eus/euskal-musika/hilbera
540,HILLE,https://www.badok.eus/euskal-musika/hille
541,Hilotz,https://www.badok.eus/euskal-musika/hilotz
542,Hipnosia,https://www.badok.eus/euskal-musika/hipnosia
543,Hira,https://www.badok.eus/euskal-musika/hira
544,Hiri Galduak,https://www.badok.eus/euskal-musika/hiri-galduak
545,Hiru Leike,https://www.badok.eus/euskal-musika/hiru-leike
546,Hiru Soinu,https://www.badok.eus/euskal-musika/hiru-soinu
547,Hiru Truku,https://www.badok.eus/euskal-musika/hiru-truku
548,Hiuzz,https://www.badok.eus/euskal-musika/hiuzz
549,Hofe,https://www.badok.eus/euskal-musika/hofe
550,Hopelessness,https://www.badok.eus/euskal-musika/hopelessness
551,Hor Konpon,https://www.badok.eus/euskal-musika/hor-konpon
552,Horma,https://www.badok.eus/euskal-musika/horma
553,Hortzak,https://www.badok.eus/euskal-musika/hortzak
554,Horzdun,https://www.badok.eus/euskal-musika/horzdun
555,Hostoak,https://www.badok.eus/euskal-musika/hostoak
556,Hotzikara,https://www.badok.eus/euskal-musika/hotzikara
557,Hozten,https://www.badok.eus/euskal-musika/hozten
558,Humilitate,https://www.badok.eus/euskal-musika/humilitate
559,Humus,https://www.badok.eus/euskal-musika/humus
560,Huntza,https://www.badok.eus/euskal-musika/huntza
561,Huts,https://www.badok.eus/euskal-musika/huts
562,Hutsa,https://www.badok.eus/euskal-musika/hutsa
563,Ibai Marin,https://www.badok.eus/euskal-musika/ibai-marin
564,Iban Yaniz,https://www.badok.eus/euskal-musika/iban-yaniz
565,Ibil Bedi,https://www.badok.eus/euskal-musika/ibil-bedi
566,Ibon RG,https://www.badok.eus/euskal-musika/ibon-rg
567,"Ibon RG, Enrike Hurtado",https://www.badok.eus/euskal-musika/ibon-rg-enrike-hurtado
568,Idi Bihotz,https://www.badok.eus/euskal-musika/idi-bihotz
569,Idoia,https://www.badok.eus/euskal-musika/idoia
570,Igelaren Banda,https://www.badok.eus/euskal-musika/igelaren-banda
571,Igor Arzuaga,https://www.badok.eus/euskal-musika/igor-arzuaga
572,Igor San Juan,https://www.badok.eus/euskal-musika/igor-san-juan
573,Iheskide,https://www.badok.eus/euskal-musika/iheskide
574,Iker Goenaga,https://www.badok.eus/euskal-musika/iker-goenaga
575,Iker Lauroba,https://www.badok.eus/euskal-musika/iker-lauroba
576,Iker Martinez eta Zaldi Herrenak,https://www.badok.eus/euskal-musika/iker-martinez
577,Ikgober,https://www.badok.eus/euskal-musika/ikgober
578,Ikus,https://www.badok.eus/euskal-musika/ikus
579,Ilargi,https://www.badok.eus/euskal-musika/ilargi
580,Iluna Bar,https://www.badok.eus/euskal-musika/iluna-bar
581,Imanol,https://www.badok.eus/euskal-musika/imanol
582,Imuntzo eta Beloki,https://www.badok.eus/euskal-musika/imuntzo-eta-beloki
583,Iñaki Arriaran,https://www.badok.eus/euskal-musika/inaki-arriaran
584,Iñaki Basabe,https://www.badok.eus/euskal-musika/inaki-basabe
585,Iñaki Beobide,https://www.badok.eus/euskal-musika/inaki-beobide
586,Iñaki Eizmendi,https://www.badok.eus/euskal-musika/inaki-eizmendi
587,Iñaki Palacios,https://www.badok.eus/euskal-musika/inaki-palacios
588,Iñaki Plaza,https://www.badok.eus/euskal-musika/inaki-plaza
589,Indidxabak,https://www.badok.eus/euskal-musika/indidxabak
590,Ines Osinaga,https://www.badok.eus/euskal-musika/ines-osinaga
591,Iniezione,https://www.badok.eus/euskal-musika/iniezione
592,Inner,https://www.badok.eus/euskal-musika/inner
593,Inoren Ero Ni,https://www.badok.eus/euskal-musika/inoren-ero-ni
594,Iñorkiñak,https://www.badok.eus/euskal-musika/inorkinak
595,Intza,https://www.badok.eus/euskal-musika/intza
596,Inun,https://www.badok.eus/euskal-musika/inun
597,Iokin eta Iosu,https://www.badok.eus/euskal-musika/iokin-eta-iosu
598,IONT,https://www.badok.eus/euskal-musika/iont
599,Irai,https://www.badok.eus/euskal-musika/irai
600,Iramo,https://www.badok.eus/euskal-musika/iramo
601,Iratxe Mugire,https://www.badok.eus/euskal-musika/iratxe-mugire
602,Iratz,https://www.badok.eus/euskal-musika/iratz
603,Irazi,https://www.badok.eus/euskal-musika/irazi
604,Irkaia,https://www.badok.eus/euskal-musika/irkaia
605,Irmo,https://www.badok.eus/euskal-musika/irmo
606,Irtera,https://www.badok.eus/euskal-musika/irtera
607,Iruñea NOLA Brass Band,https://www.badok.eus/euskal-musika/irunea-nola-brass-band
608,Iseka,https://www.badok.eus/euskal-musika/iseka
609,Iseo,https://www.badok.eus/euskal-musika/iseo
610,Isildu Zaitez,https://www.badok.eus/euskal-musika/isildu-zaitez
611,Islabat,https://www.badok.eus/euskal-musika/islabat
612,Isuo ta Kezman,https://www.badok.eus/euskal-musika/isuo-ta-kezman
613,Itaka,https://www.badok.eus/euskal-musika/itaka
614,Ithaka,https://www.badok.eus/euskal-musika/ithaka
615,Itoiz,https://www.badok.eus/euskal-musika/itoiz
616,Iturria,https://www.badok.eus/euskal-musika/iturria
617,Itziar,https://www.badok.eus/euskal-musika/itziar
618,Itziarren Semeak,https://www.badok.eus/euskal-musika/itziarren-semeak
619,Iurre,https://www.badok.eus/euskal-musika/iurre
620,Ixabe,https://www.badok.eus/euskal-musika/ixabe
621,Izaera,https://www.badok.eus/euskal-musika/izaera
622,Izaki Gardenak,https://www.badok.eus/euskal-musika/izaki-gardenak
623,Izaro,https://www.badok.eus/euskal-musika/izaro
624,Izarrak,https://www.badok.eus/euskal-musika/izarrak
625,Izate,https://www.badok.eus/euskal-musika/izate
626,Izatefaltsua,https://www.badok.eus/euskal-musika/izatefaltsua
627,Izeberg,https://www.badok.eus/euskal-musika/izeberg
628,Izu Nauk,https://www.badok.eus/euskal-musika/izu-nauk
629,Izukaitz,https://www.badok.eus/euskal-musika/izukaitz
630,J Martina,https://www.badok.eus/euskal-musika/j-martina
631,Jabi Patxon,https://www.badok.eus/euskal-musika/jabi-patxon
632,Jabier Muguruza,https://www.badok.eus/euskal-musika/jabier-muguruza
633,Jah Goikoa eta Reggae Zaharra,https://www.badok.eus/euskal-musika/jah-goikoa-eta-reggae-zaharra
634,Janus Lester,https://www.badok.eus/euskal-musika/janus-lester
635,Jare,https://www.badok.eus/euskal-musika/jare
636,Jauko Barik,https://www.badok.eus/euskal-musika/jauko-barik
637,JaunGoiko,https://www.badok.eus/euskal-musika/jaungoiko
638,Jean Bordaxar,https://www.badok.eus/euskal-musika/jean-bordaxar
639,Jean Mixel Bedaxagar,https://www.badok.eus/euskal-musika/jean-mixel-bedaxagar
640,Jean Phocas,https://www.badok.eus/euskal-musika/jean-phocas
641,Jeremiah Johnson,https://www.badok.eus/euskal-musika/jeremiah-johnson
642,Jexuxmai Lopetegi,https://www.badok.eus/euskal-musika/jexuxmai-lopetegi
643,John Dealer & The Coconuts,https://www.badok.eus/euskal-musika/john-dealer-the-coconuts
644,Johnny & Joseph,https://www.badok.eus/euskal-musika/johnny-joseph
645,Jojo Bordagarai,https://www.badok.eus/euskal-musika/jojo-bordagarai
646,Jojo eta Bernadette,https://www.badok.eus/euskal-musika/jojo-eta-bernadette
647,Jojo eta Ramuntxo,https://www.badok.eus/euskal-musika/jojo-eta-ramuntxo
648,Jok,https://www.badok.eus/euskal-musika/jok
649,Jokin Lasa,https://www.badok.eus/euskal-musika/jokin-eta-josu
650,Jon Bergaretxe,https://www.badok.eus/euskal-musika/jon-bergaretxe
651,Jon Enbeita,https://www.badok.eus/euskal-musika/jon-enbeita
652,Jon Gurrutxaga,https://www.badok.eus/euskal-musika/jon-gurrutxaga
653,Jon Maia Soria,https://www.badok.eus/euskal-musika/jon-maia-soria
654,Jon Miner & Intxixu Lotien Banda,https://www.badok.eus/euskal-musika/jon-miner-intxixu-lotien-banda
655,Jone,https://www.badok.eus/euskal-musika/jone
656,Jose Antonio Villar,https://www.badok.eus/euskal-musika/jose-antonio-villar
657,Jose Mari Zendoia eta Unai Pelayo,https://www.badok.eus/euskal-musika/jose-mari-zendoia-eta-unai-pelayo
658,Joseba Agirrezabalaga eta Mikel Vega,https://www.badok.eus/euskal-musika/joseba-agirrezabalaga-eta-mikel-vega
659,Joseba B. Lenoir,https://www.badok.eus/euskal-musika/joseba-b-lenoir
660,Joseba Gotzon,https://www.badok.eus/euskal-musika/joseba-gotzon
661,Joseba Irazoki,https://www.badok.eus/euskal-musika/joseba-irazoki
662,Joseba Tapia,https://www.badok.eus/euskal-musika/joseba-tapia
663,Josepe Irigarai,https://www.badok.eus/euskal-musika/josepe-irigarai
664,Josu Bergara,https://www.badok.eus/euskal-musika/josu-bergara
665,Jotakie,https://www.badok.eus/euskal-musika/jotakie
666,Jousilouli,https://www.badok.eus/euskal-musika/jousilouli
667,Joxan Goikoetxea,https://www.badok.eus/euskal-musika/joxan-goikoetxea
668,Joxe Mari Iriondo,https://www.badok.eus/euskal-musika/joxe-mari-iriondo
669,Joxe Ripiau,https://www.badok.eus/euskal-musika/joxe-ripiau
670,JP Lohian & Klonen Klana,https://www.badok.eus/euskal-musika/jp-lohian
671,Juan Carlos Perez,https://www.badok.eus/euskal-musika/juan-carlos-perez
672,Juan Mari Beltran,https://www.badok.eus/euskal-musika/juan-mari-beltran
673,Juanjo Otxandorena,https://www.badok.eus/euskal-musika/juanjo-otxandorena
674,Julen,https://www.badok.eus/euskal-musika/julen
675,Julen Alonso,https://www.badok.eus/euskal-musika/julen-alonso
676,Julen Basterra,https://www.badok.eus/euskal-musika/julen-basterra
677,Julen Cobos,https://www.badok.eus/euskal-musika/julen-cobos
678,Julen Lekuona,https://www.badok.eus/euskal-musika/julen-lekuona
679,Julio Kageta,https://www.badok.eus/euskal-musika/julio-kageta
680,Jupiter Jon,https://www.badok.eus/euskal-musika/jupiter-jon
681,Jupiter Jon eta Amaren Alabak,https://www.badok.eus/euskal-musika/jupiter-jon-eta-amaren-alabak
682,Kabul,https://www.badok.eus/euskal-musika/kabul
683,Kadira,https://www.badok.eus/euskal-musika/kadira
684,Kafha,https://www.badok.eus/euskal-musika/kafha
685,Kai Nakai,https://www.badok.eus/euskal-musika/kai-nakai
686,Kaki Arkarazo,https://www.badok.eus/euskal-musika/kaki-arkarazo
687,Kalakan,https://www.badok.eus/euskal-musika/kalakan
688,Kaleko Urdangak,https://www.badok.eus/euskal-musika/kaleko-urdangak
689,Kalera,https://www.badok.eus/euskal-musika/kalera
690,Kalte,https://www.badok.eus/euskal-musika/kalte
691,Kantu Kolore,https://www.badok.eus/euskal-musika/kantu-kolore
692,Karelean,https://www.badok.eus/euskal-musika/karelean
693,Karidadeko Benta,https://www.badok.eus/euskal-musika/karidadeko-benta
694,Kartzarot,https://www.badok.eus/euskal-musika/kartzarot
695,Kaserna,https://www.badok.eus/euskal-musika/kaserna
696,Kasernarat,https://www.badok.eus/euskal-musika/kasernarat
697,Kashbad,https://www.badok.eus/euskal-musika/kashbad
698,Kasik,https://www.badok.eus/euskal-musika/kasik
699,Kaskezur,https://www.badok.eus/euskal-musika/kaskezur
700,Kasu!,https://www.badok.eus/euskal-musika/kasu
701,Katamalo,https://www.badok.eus/euskal-musika/katamalo
702,Katez,https://www.badok.eus/euskal-musika/katez
703,Katu,https://www.badok.eus/euskal-musika/katu
704,Kau Kori Kura,https://www.badok.eus/euskal-musika/kau-kori-kura
705,Kauta,https://www.badok.eus/euskal-musika/kauta
706,Kaxiano,https://www.badok.eus/euskal-musika/kaxiano
707,Kazkabarra,https://www.badok.eus/euskal-musika/kazkabarra
708,Keä,https://www.badok.eus/euskal-musika/kea
709,Keia,https://www.badok.eus/euskal-musika/keia
710,Keike,https://www.badok.eus/euskal-musika/keike
711,Kemen,https://www.badok.eus/euskal-musika/kemen
712,Kemen Lertxundi,https://www.badok.eus/euskal-musika/kemen-lertxundi
713,Ken Zazpi,https://www.badok.eus/euskal-musika/ken-zazpi
714,Kepa Junkera,https://www.badok.eus/euskal-musika/kepa-junkera
715,Kerobia,https://www.badok.eus/euskal-musika/kerobia
716,Keu Agirretxea,https://www.badok.eus/euskal-musika/keu-agirretxea
717,Keu Agirretxea & Jon Gurrutxaga,https://www.badok.eus/euskal-musika/keu-agirretxea-jon-gurrutxaga
718,Kezkak,https://www.badok.eus/euskal-musika/kezkak
719,Khami,https://www.badok.eus/euskal-musika/khami
720,Kherau,https://www.badok.eus/euskal-musika/kherau
721,Kilimak,https://www.badok.eus/euskal-musika/kilimak
722,Killerkume,https://www.badok.eus/euskal-musika/killerkume
723,Kinada,https://www.badok.eus/euskal-musika/kinada
724,Kinbonbo Brass Band,https://www.badok.eus/euskal-musika/kinbonbo-brass-band
725,King Mafrundi,https://www.badok.eus/euskal-musika/king-mafrundi
726,Kinkila,https://www.badok.eus/euskal-musika/kinkila
727,KKORG,https://www.badok.eus/euskal-musika/kkorg
728,Klak!son,https://www.badok.eus/euskal-musika/klakson
729,Koban,https://www.badok.eus/euskal-musika/koban
730,Kobrazulo,https://www.badok.eus/euskal-musika/kobrazulo
731,Kodigo Norte,https://www.badok.eus/euskal-musika/kodigo-norte
732,Kohatu,https://www.badok.eus/euskal-musika/kohatu
733,Koiu,https://www.badok.eus/euskal-musika/koiu
734,Kokein,https://www.badok.eus/euskal-musika/kokein
735,Kometa,https://www.badok.eus/euskal-musika/kometa
736,Konbenio del Metal,https://www.badok.eus/euskal-musika/konbenio-del-metal
737,Konorte,https://www.badok.eus/euskal-musika/konorte
738,Konpost,https://www.badok.eus/euskal-musika/konpost
739,Kontrapuntoak,https://www.badok.eus/euskal-musika/kontrapuntoak
740,Korkut,https://www.badok.eus/euskal-musika/korkut
741,Korrontzi,https://www.badok.eus/euskal-musika/korrontzi
742,Kortatu,https://www.badok.eus/euskal-musika/kortatu
743,Koska,https://www.badok.eus/euskal-musika/koska
744,Kosmai Kosin,https://www.badok.eus/euskal-musika/kosmai-kosin
745,Kraussk,https://www.badok.eus/euskal-musika/kraussk
746,Kristonak,https://www.badok.eus/euskal-musika/kristonak
747,Kuartz,https://www.badok.eus/euskal-musika/kuartz
748,Kudai,https://www.badok.eus/euskal-musika/kudai
749,Kukuletan Kalakan,https://www.badok.eus/euskal-musika/kukuletan-kalakan
750,Kuma No Motor,https://www.badok.eus/euskal-musika/kuma-no-motor
751,Kupela,https://www.badok.eus/euskal-musika/kupela
752,Kuraia,https://www.badok.eus/euskal-musika/kuraia
753,Kurkuma,https://www.badok.eus/euskal-musika/kurkuma
754,Küskiak,https://www.badok.eus/euskal-musika/kuskiak
755,KX,https://www.badok.eus/euskal-musika/kx
756,Kyxo,https://www.badok.eus/euskal-musika/kyxo
757,La Basu,https://www.badok.eus/euskal-musika/la-basu
758,La Rekba,https://www.badok.eus/euskal-musika/la-rekba
759,La Topadora,https://www.badok.eus/euskal-musika/la-topadora
760,Labanak,https://www.badok.eus/euskal-musika/labanak
761,Labrit,https://www.badok.eus/euskal-musika/labrit
762,Ladislao,https://www.badok.eus/euskal-musika/ladislao
763,Laia,https://www.badok.eus/euskal-musika/laia
764,Lain,https://www.badok.eus/euskal-musika/lain
765,Laize MC,https://www.badok.eus/euskal-musika/laize
766,Lamiak,https://www.badok.eus/euskal-musika/lamiak
767,Lanbroa,https://www.badok.eus/euskal-musika/lanbroa
768,Lantz,https://www.badok.eus/euskal-musika/lantz
769,Laparrak,https://www.badok.eus/euskal-musika/laparrak
770,Lappa,https://www.badok.eus/euskal-musika/lappa
771,Laps,https://www.badok.eus/euskal-musika/laps
772,Lapurtarrak,https://www.badok.eus/euskal-musika/lapurtarrak
773,Larra Bideak,https://www.badok.eus/euskal-musika/larra-bideak
774,Larregi,https://www.badok.eus/euskal-musika/larregi
775,Larrepetit,https://www.badok.eus/euskal-musika/larrepetit
776,Larru Beltzak,https://www.badok.eus/euskal-musika/larru-beltzak
777,Larrua Truk,https://www.badok.eus/euskal-musika/larrua-truk
778,Larry Bird,https://www.badok.eus/euskal-musika/larry-bird
779,Las Chinchetas,https://www.badok.eus/euskal-musika/las-chinchetas
780,Las Tea Party DJ's,https://www.badok.eus/euskal-musika/las-tea-party-djs
781,Latzen,https://www.badok.eus/euskal-musika/latzen
782,Lau Behi,https://www.badok.eus/euskal-musika/lau-behi
783,Lauburu,https://www.badok.eus/euskal-musika/lauburu
784,LauKatu,https://www.badok.eus/euskal-musika/laukatu
785,Laumono,https://www.badok.eus/euskal-musika/laumono
786,Lauroba,https://www.badok.eus/euskal-musika/lauroba
787,Legen Beltza,https://www.badok.eus/euskal-musika/legen-beltza
788,Lehen Lerroa,https://www.badok.eus/euskal-musika/lehen-lerroa
789,Leihotikan,https://www.badok.eus/euskal-musika/leihotikan
790,Leinu Zarra,https://www.badok.eus/euskal-musika/leinu-zarra
791,Leire Letu eta Kristina Aranzabe,https://www.badok.eus/euskal-musika/leire-letu-eta-kristina-aranzabe
792,Leizeak,https://www.badok.eus/euskal-musika/leizeak
793,Lemak,https://www.badok.eus/euskal-musika/lemak
794,Lenao,https://www.badok.eus/euskal-musika/lenao
795,Lenoir & MICE,https://www.badok.eus/euskal-musika/joseba-b-lenoir-eta-mice
796,Leok'k,https://www.badok.eus/euskal-musika/leokk
797,Lepora,https://www.badok.eus/euskal-musika/lepora
798,Les Mecaniciens,https://www.badok.eus/euskal-musika/les-mecaniciens
799,Letagin,https://www.badok.eus/euskal-musika/letagin
800,Lezon & Limousin,https://www.badok.eus/euskal-musika/lezon-limousin
801,Libe,https://www.badok.eus/euskal-musika/libe
802,Lif,https://www.badok.eus/euskal-musika/lif
803,Liher,https://www.badok.eus/euskal-musika/liher
804,Lin Ton Taun,https://www.badok.eus/euskal-musika/lin-ton-taun
805,Lines,https://www.badok.eus/euskal-musika/lines
806,Liot,https://www.badok.eus/euskal-musika/liot
807,Lisabö,https://www.badok.eus/euskal-musika/lisabo
808,Lisker,https://www.badok.eus/euskal-musika/lisker
809,Lizar,https://www.badok.eus/euskal-musika/lizar
810,Logela,https://www.badok.eus/euskal-musika/logela
811,Lor,https://www.badok.eus/euskal-musika/lor
812,Lorelei,https://www.badok.eus/euskal-musika/lorelei
813,Lorratzak,https://www.badok.eus/euskal-musika/lorratzak
814,Lotura,https://www.badok.eus/euskal-musika/lotura
815,Lou Topet,https://www.badok.eus/euskal-musika/lou-topet
816,Luis Amilibia,https://www.badok.eus/euskal-musika/luis-amilibia
817,Lukiek,https://www.badok.eus/euskal-musika/lukiek
818,Lülü Smack,https://www.badok.eus/euskal-musika/lulu-smack
819,Lumi,https://www.badok.eus/euskal-musika/lumi
820,Lupe,https://www.badok.eus/euskal-musika/lupe
821,Lur Barnea,https://www.badok.eus/euskal-musika/lur-barnea
822,Lur Jota,https://www.badok.eus/euskal-musika/lur-jota
823,Lurdes Iriondo,https://www.badok.eus/euskal-musika/lurdes-iriondo
824,Lurpekariak,https://www.badok.eus/euskal-musika/lurpekariak
825,Lurra,https://www.badok.eus/euskal-musika/lurra
826,Luz de Putas,https://www.badok.eus/euskal-musika/luz-de-putas
827,Lvner,https://www.badok.eus/euskal-musika/lvner
828,M-ak,https://www.badok.eus/euskal-musika/m-ak
829,M-n Ezten,https://www.badok.eus/euskal-musika/m-n-ezten
830,M.A.K.,https://www.badok.eus/euskal-musika/m-a-k
831,Mad Muasel,https://www.badok.eus/euskal-musika/mad-muasel
832,Madarikatuak,https://www.badok.eus/euskal-musika/madarikatuak
833,Maddi,https://www.badok.eus/euskal-musika/maddi
834,Maddi Oihenart,https://www.badok.eus/euskal-musika/maddi-oihenart
835,Maddi Zubeldia,https://www.badok.eus/euskal-musika/maddi-zubeldia
836,Madeleine,https://www.badok.eus/euskal-musika/madeleine
837,Mahaster River,https://www.badok.eus/euskal-musika/mahaster-river
838,Maialen,https://www.badok.eus/euskal-musika/maialen
839,Maider Zabalegi,https://www.badok.eus/euskal-musika/maider-zabalegi
840,Mainlander,https://www.badok.eus/euskal-musika/mainlander
841,Mäirü,https://www.badok.eus/euskal-musika/mairu-1
842,Mairu,https://www.badok.eus/euskal-musika/mairu
843,Maisha MC,https://www.badok.eus/euskal-musika/maisha-mc
844,Maite Idirin,https://www.badok.eus/euskal-musika/maite-idirin
845,Maite Larburu,https://www.badok.eus/euskal-musika/maite-larburu
846,Maixa,https://www.badok.eus/euskal-musika/maixa
847,Maixa ta Ixiar,https://www.badok.eus/euskal-musika/maixa-ta-ixiar
848,Makabi,https://www.badok.eus/euskal-musika/makabi
849,Makala,https://www.badok.eus/euskal-musika/makala
850,Makulu Ken,https://www.badok.eus/euskal-musika/makulu-ken
851,Mal de Ojo,https://www.badok.eus/euskal-musika/mal-de-ojo
852,Malenkonia,https://www.badok.eus/euskal-musika/malenkonia
853,Mamu,https://www.badok.eus/euskal-musika/mamu
854,Mänägäitz,https://www.badok.eus/euskal-musika/managaitz
855,Mandoilek,https://www.badok.eus/euskal-musika/mandoilek
856,Manent,https://www.badok.eus/euskal-musika/manent
857,Manex Pagola,https://www.badok.eus/euskal-musika/manex-pagola
858,Mantisa,https://www.badok.eus/euskal-musika/mantisa
859,Manugaitz,https://www.badok.eus/euskal-musika/manugaitz
860,Maraca Diablo,https://www.badok.eus/euskal-musika/maraca-diablo
861,Maria Rivero,https://www.badok.eus/euskal-musika/maria-rivero
862,Marianitoz Blai,https://www.badok.eus/euskal-musika/marianitoz-blai
863,Marina Beheretxe & Ezekiel kolektiboa,https://www.badok.eus/euskal-musika/marina-beheretxe-ezekiel-kolektiboa
864,Marino Goñi,https://www.badok.eus/euskal-musika/marino-goni
865,Markel Gajate,https://www.badok.eus/euskal-musika/markel-gajate
866,Markes Iraizoz,https://www.badok.eus/euskal-musika/markes-iraizoz
867,Markes Iraizoz eta Gatom,https://www.badok.eus/euskal-musika/markes-iraizoz-eta-gatom
868,Markos Untzeta,https://www.badok.eus/euskal-musika/markos-untzeta
869,Marlik,https://www.badok.eus/euskal-musika/marlik
870,Marlon Random,https://www.badok.eus/euskal-musika/marlon-random
871,Marmoka,https://www.badok.eus/euskal-musika/marmoka
872,Marruma,https://www.badok.eus/euskal-musika/marruma
873,Martin de Marte,https://www.badok.eus/euskal-musika/martin-de-marte
874,Martxoak 31,https://www.badok.eus/euskal-musika/martxoak-31
875,Mattin Lerissa,https://www.badok.eus/euskal-musika/mattin-lerissa
876,Matxarda,https://www.badok.eus/euskal-musika/matxarda
877,Matxura,https://www.badok.eus/euskal-musika/matxura
878,"Maurizia, Leon eta Basilio",https://www.badok.eus/euskal-musika/maurizia-leon-eta-basilio
879,MC Stal'Inside,https://www.badok.eus/euskal-musika/mc-stalinside
880,McOnak,https://www.badok.eus/euskal-musika/mconak
881,Mehatxuka,https://www.badok.eus/euskal-musika/mehatxuka
882,Meido,https://www.badok.eus/euskal-musika/meido
883,Meliora,https://www.badok.eus/euskal-musika/meliora
884,Mendeku Itxua,https://www.badok.eus/euskal-musika/mendeku-itxua
885,Mendikoa,https://www.badok.eus/euskal-musika/mendikoa
886,Merina Gris,https://www.badok.eus/euskal-musika/merina-gris
887,MG Banda,https://www.badok.eus/euskal-musika/mg-banda
888,MICE,https://www.badok.eus/euskal-musika/mice
889,Michel Etcheverry,https://www.badok.eus/euskal-musika/michel-etcheverry
890,Mihise,https://www.badok.eus/euskal-musika/mihise
891,Mikel Artieda & Zazpiketers,https://www.badok.eus/euskal-musika/mikel-artieda-zazpiketers
892,Mikel Errazkin,https://www.badok.eus/euskal-musika/mikel-errazkin
893,Mikel Garikoitz,https://www.badok.eus/euskal-musika/mikel-garikoitz
894,Mikel Gorosabel,https://www.badok.eus/euskal-musika/mikel-gorosabel
895,Mikel Iraeta,https://www.badok.eus/euskal-musika/mikel-iraeta
896,Mikel Karton,https://www.badok.eus/euskal-musika/mikel-karton
897,Mikel Laboa,https://www.badok.eus/euskal-musika/mikel-laboa
898,"Mikel Laboa, Joxan Artze, Artze anaiak",https://www.badok.eus/euskal-musika/mikel-laboa-joxan-artze-artze-anaiak
899,Mikel Markez,https://www.badok.eus/euskal-musika/mikel-markez
900,Mikel Moreno,https://www.badok.eus/euskal-musika/mikel-moreno
901,Mikel Telleria,https://www.badok.eus/euskal-musika/mikel-telleria
902,Mikel Uraken,https://www.badok.eus/euskal-musika/mikel-uraken
903,Mikel Urdangarin,https://www.badok.eus/euskal-musika/mikel-urdangarin
904,Mikel Vega,https://www.badok.eus/euskal-musika/mikel-vega
905,Mila Modu,https://www.badok.eus/euskal-musika/mila-modu
906,Minbizia,https://www.badok.eus/euskal-musika/minbizia
907,Minxoriak,https://www.badok.eus/euskal-musika/minxoriak
908,Miren Aranburu,https://www.badok.eus/euskal-musika/miren-aranburu
909,Miren eta Roberto Etxebarria,https://www.badok.eus/euskal-musika/miren-eta-roberto-etxebarria
910,Mirotz,https://www.badok.eus/euskal-musika/mirotz
911,Mirua,https://www.badok.eus/euskal-musika/mirua
912,Mitosia,https://www.badok.eus/euskal-musika/mitosia
913,Mixel Ducau eta Caroline Phillips,https://www.badok.eus/euskal-musika/mixel-ducau-eta-caroline-phillips
914,Mixel Etxekopar,https://www.badok.eus/euskal-musika/mixel-etxekopar
915,Mixel Labeguerie,https://www.badok.eus/euskal-musika/mixel-labegerie
916,Mixu,https://www.badok.eus/euskal-musika/mixu
917,MKT,https://www.badok.eus/euskal-musika/mkt
918,Mocker's,https://www.badok.eus/euskal-musika/mockers
919,Modesto Newhouse,https://www.badok.eus/euskal-musika/modesto-newhouse
920,Modus Operandi,https://www.badok.eus/euskal-musika/modus-operandi
921,Mondocane,https://www.badok.eus/euskal-musika/mondocane
922,Montauk,https://www.badok.eus/euskal-musika/montauk
923,Moonshine Wagon,https://www.badok.eus/euskal-musika/moonshine-wagon
924,Moonshinerds,https://www.badok.eus/euskal-musika/moonshinerds
925,Mor More,https://www.badok.eus/euskal-musika/mor-more
926,Morau,https://www.badok.eus/euskal-musika/morau
927,Morau eta Maite Larburu,https://www.badok.eus/euskal-musika/morau-eta-maite-larburu
928,Moxal,https://www.badok.eus/euskal-musika/moxal
929,Mr. Pongo Band,https://www.badok.eus/euskal-musika/mr-pongo-band
930,Mrs. Jayden,https://www.badok.eus/euskal-musika/mrs-jayden
931,Muare,https://www.badok.eus/euskal-musika/muare
932,Muda,https://www.badok.eus/euskal-musika/muda
933,Muga,https://www.badok.eus/euskal-musika/muga
934,Mugaldekoak,https://www.badok.eus/euskal-musika/mugaldekoak
935,Mugan,https://www.badok.eus/euskal-musika/mugan
936,Mugatik,https://www.badok.eus/euskal-musika/mugatik
937,Murgi,https://www.badok.eus/euskal-musika/murgi
938,Mursego,https://www.badok.eus/euskal-musika/mursego
939,Musde Pillikez,https://www.badok.eus/euskal-musika/musde-pillikez
940,Mushkum,https://www.badok.eus/euskal-musika/mushkum
941,Muskulo,https://www.badok.eus/euskal-musika/muskulo
942,Muted,https://www.badok.eus/euskal-musika/muted
943,Mutürbeltz,https://www.badok.eus/euskal-musika/muturbeltz
944,Muxu Beltza,https://www.badok.eus/euskal-musika/muxu-beltza
945,Myotones,https://www.badok.eus/euskal-musika/myotones
946,N2OGU,https://www.badok.eus/euskal-musika/n2ogu
947,Nabil,https://www.badok.eus/euskal-musika/nabil
948,Nafarroa 1512,https://www.badok.eus/euskal-musika/nafarroa-1512
949,Nahiak Nahi,https://www.badok.eus/euskal-musika/nahiak-nahi
950,Nahiko,https://www.badok.eus/euskal-musika/nahiko
951,Nahixan,https://www.badok.eus/euskal-musika/nahixan
952,Naia Robles Arangiz,https://www.badok.eus/euskal-musika/naia-robles-arangiz
953,Naikari,https://www.badok.eus/euskal-musika/naikari
954,Naizroxa,https://www.badok.eus/euskal-musika/naizroxa
955,Nakar,https://www.badok.eus/euskal-musika/nakar
956,Nakkiga,https://www.badok.eus/euskal-musika/nakkiga
957,Napoka Iria,https://www.badok.eus/euskal-musika/napoka-iria
958,Nastelen,https://www.badok.eus/euskal-musika/nastelen
959,Natali,https://www.badok.eus/euskal-musika/natali
960,NAU,https://www.badok.eus/euskal-musika/nau
961,Nax Agirre,https://www.badok.eus/euskal-musika/nax-agirre
962,Nazka,https://www.badok.eus/euskal-musika/nazka
963,Neallta Fola,https://www.badok.eus/euskal-musika/neallta-fola
964,Nebbian,https://www.badok.eus/euskal-musika/nebbian
965,Nebrashka,https://www.badok.eus/euskal-musika/nebrashka
966,Negu Gorriak,https://www.badok.eus/euskal-musika/negu-gorriak
967,Neighbor,https://www.badok.eus/euskal-musika/neighbor
968,Neke Politikoa,https://www.badok.eus/euskal-musika/neke-politikoa
969,Nekez,https://www.badok.eus/euskal-musika/nekez
970,Neomak,https://www.badok.eus/euskal-musika/neomak
971,Neona,https://www.badok.eus/euskal-musika/neona
972,Nerabe,https://www.badok.eus/euskal-musika/nerabe
973,Nerbio Bulkada,https://www.badok.eus/euskal-musika/nerbio-bulkada
974,Nerea Mendizabal,https://www.badok.eus/euskal-musika/nerea-mendizabal
975,Neü,https://www.badok.eus/euskal-musika/neu
976,Neu Troia,https://www.badok.eus/euskal-musika/neu-troia
977,"Neu,e Buruben",https://www.badok.eus/euskal-musika/neue-buruben
978,Neubat,https://www.badok.eus/euskal-musika/neubat
979,Nevadah,https://www.badok.eus/euskal-musika/nevadah
980,Newhouse,https://www.badok.eus/euskal-musika/newhouse
981,Nhil,https://www.badok.eus/euskal-musika/nhil
982,Ni,https://www.badok.eus/euskal-musika/ni
983,Nigara Zuek,https://www.badok.eus/euskal-musika/nigara-zuek
984,Nihaur,https://www.badok.eus/euskal-musika/nihaur
985,Nik Khaos,https://www.badok.eus/euskal-musika/nik-khaos
986,Niketz,https://www.badok.eus/euskal-musika/niketz
987,Nikkin,https://www.badok.eus/euskal-musika/nikkin
988,Niko Etxart,https://www.badok.eus/euskal-musika/niko-etxart
989,Nikotina,https://www.badok.eus/euskal-musika/nikotina
990,Niña Coyote eta Chico Tornado,https://www.badok.eus/euskal-musika/nina-coyote-eta-chico-tornado
991,Nire,https://www.badok.eus/euskal-musika/nire
992,Nize,https://www.badok.eus/euskal-musika/nize
993,Nizuri Tazuneri,https://www.badok.eus/euskal-musika/nizuri-tazuneri
994,Noise Hole,https://www.badok.eus/euskal-musika/noise-hole
995,Noizeanbehin,https://www.badok.eus/euskal-musika/noizeanbehin
996,Nomadak,https://www.badok.eus/euskal-musika/nomadak
997,Non Demontre,https://www.badok.eus/euskal-musika/non-demontre
998,Non Nahi,https://www.badok.eus/euskal-musika/non-nahi
999,Nor Naiz,https://www.badok.eus/euskal-musika/nor-naiz
1000,NorkZer?!,https://www.badok.eus/euskal-musika/norkzer
1001,Norman,https://www.badok.eus/euskal-musika/norman
1002,Norte Apache,https://www.badok.eus/euskal-musika/norte-apache
1003,Norton Klub,https://www.badok.eus/euskal-musika/norton-klub
1004,Norzzone,https://www.badok.eus/euskal-musika/norzzone
1005,Nøgen,https://www.badok.eus/euskal-musika/nogen
1006,Nuke,https://www.badok.eus/euskal-musika/nuke
1007,Numen,https://www.badok.eus/euskal-musika/numen
1008,Nun,https://www.badok.eus/euskal-musika/nun
1009,Nuuk-At,https://www.badok.eus/euskal-musika/nuuk-at
1010,NX,https://www.badok.eus/euskal-musika/nx
1011,O.K. Korral,https://www.badok.eus/euskal-musika/o-k-korral
1012,Occhi di Farfalla,https://www.badok.eus/euskal-musika/occhi-di-farfalla
1013,Odik,https://www.badok.eus/euskal-musika/odik
1014,Odolaren Mintzoa,https://www.badok.eus/euskal-musika/odolaren-mintzoa
1015,Odolkiak Ordainetan,https://www.badok.eus/euskal-musika/odolkiak-ordainetan
1016,Oihaneko Zühainetan,https://www.badok.eus/euskal-musika/oihaneko-zuhainetan
1017,Oihartzun,https://www.badok.eus/euskal-musika/oihartzun
1018,Oinarriak,https://www.badok.eus/euskal-musika/oinarriak
1019,Oki Moki,https://www.badok.eus/euskal-musika/oki-moki
1020,Olaia Inziarte,https://www.badok.eus/euskal-musika/olaia-inziarte
1021,Olatz Salvador,https://www.badok.eus/euskal-musika/olatz-salvador
1022,Olatz Zugasti,https://www.badok.eus/euskal-musika/olatz-zugasti
1023,Oliba Gorriak,https://www.badok.eus/euskal-musika/oliba-gorriak
1024,OLOR,https://www.badok.eus/euskal-musika/olor
1025,Omago,https://www.badok.eus/euskal-musika/omago
1026,ON,https://www.badok.eus/euskal-musika/on
1027,On Benito,https://www.badok.eus/euskal-musika/on-benito
1028,Onddo,https://www.badok.eus/euskal-musika/onddo
1029,Ondra,https://www.badok.eus/euskal-musika/ondra
1030,Onintza Rojas,https://www.badok.eus/euskal-musika/onintza-rojas
1031,Onki Xin,https://www.badok.eus/euskal-musika/onki-xin
1032,Orbain Unit,https://www.badok.eus/euskal-musika/orbain-unit
1033,Orbel,https://www.badok.eus/euskal-musika/orbel
1034,Oreka TX,https://www.badok.eus/euskal-musika/oreka-tx
1035,Orreaga 778,https://www.badok.eus/euskal-musika/orreaga-778
1036,Oskarbi,https://www.badok.eus/euskal-musika/oskarbi
1037,Oskorri,https://www.badok.eus/euskal-musika/oskorri
1038,Oso Fan,https://www.badok.eus/euskal-musika/oso-fan
1039,Osso,https://www.badok.eus/euskal-musika/osso
1040,OST,https://www.badok.eus/euskal-musika/ost
1041,Osto eta Ale,https://www.badok.eus/euskal-musika/osto-eta-ale
1042,Otoi,https://www.badok.eus/euskal-musika/otoi
1043,Otuz,https://www.badok.eus/euskal-musika/otuz
1044,Otxalde,https://www.badok.eus/euskal-musika/otxalde
1045,Oxabi,https://www.badok.eus/euskal-musika/oxabi
1046,Paco,https://www.badok.eus/euskal-musika/paco
1047,Paddy Rekalde & Itsua,https://www.badok.eus/euskal-musika/paddy-rekalde-itsua
1048,Panda Valium,https://www.badok.eus/euskal-musika/panda-valium
1049,Pantxika Solorzano eta Xano,https://www.badok.eus/euskal-musika/pantxika-solorzano-eta-xano
1050,Pantxix,https://www.badok.eus/euskal-musika/pantxix
1051,Pantxix Bidart-Alexis Therain,https://www.badok.eus/euskal-musika/pantxix-bidart-alexis-therain
1052,Pantxoa Carrere,https://www.badok.eus/euskal-musika/pantxoa-carrere
1053,Pantxoa eta Peio,https://www.badok.eus/euskal-musika/pantxoa-eta-peio
1054,Pariak Bai,https://www.badok.eus/euskal-musika/pariak-bai
1055,Pasadena,https://www.badok.eus/euskal-musika/pasadena
1056,Passepartout,https://www.badok.eus/euskal-musika/passepartout
1057,Patrice Dumora 'Watson',https://www.badok.eus/euskal-musika/patrice-dumora-watson
1058,Patrol Destroyers,https://www.badok.eus/euskal-musika/patrol-destroyers
1059,Patta ta Sendaezinak,https://www.badok.eus/euskal-musika/patta-ta-sendaezinak
1060,Patxi Andion,https://www.badok.eus/euskal-musika/patxi-andion
1061,Patxi Saiz,https://www.badok.eus/euskal-musika/patxi-saiz
1062,Patxi Villamor,https://www.badok.eus/euskal-musika/patxi-villamor
1063,Patxuko Nice,https://www.badok.eus/euskal-musika/patxuko-nice
1064,Pauline & Juliette,https://www.badok.eus/euskal-musika/pauline-juliette
1065,Paxkal Irigoyen,https://www.badok.eus/euskal-musika/paxkal-irigoyen
1066,Paxo,https://www.badok.eus/euskal-musika/paxo
1067,Pecozza United,https://www.badok.eus/euskal-musika/pecozza-united
1068,Peio eta Itsua,https://www.badok.eus/euskal-musika/peio-eta-itsua
1069,Peio Ospital,https://www.badok.eus/euskal-musika/peio-ospital
1070,Peio Serbielle,https://www.badok.eus/euskal-musika/peio-serbielle
1071,Peiremans +,https://www.badok.eus/euskal-musika/peiremans
1072,Pelax,https://www.badok.eus/euskal-musika/pelax
1073,Pelax eta Telmo Trenor,https://www.badok.eus/euskal-musika/pelax-eta-telmo-trenor
1074,Peputz,https://www.badok.eus/euskal-musika/peputz
1075,Perlak,https://www.badok.eus/euskal-musika/perlak
1076,Perlata,https://www.badok.eus/euskal-musika/perlata
1077,Perre,https://www.badok.eus/euskal-musika/perre
1078,Peru Galbete,https://www.badok.eus/euskal-musika/peru-galbete
1079,Petra,https://www.badok.eus/euskal-musika/petra
1080,Petti,https://www.badok.eus/euskal-musika/petti
1081,Peyo Labeguerie,https://www.badok.eus/euskal-musika/peyo-labeguerie
1082,Physis versus Nomos,https://www.badok.eus/euskal-musika/physis-versus-nomos
1083,PI.L.T.,https://www.badok.eus/euskal-musika/pi-l-t
1084,Pier Paul Berzaitz,https://www.badok.eus/euskal-musika/pier-paul-berzaitz
1085,Pikowsky,https://www.badok.eus/euskal-musika/pikowsky
1086,Pil Pil,https://www.badok.eus/euskal-musika/pil-pil
1087,"Pirritx, Porrotx eta Marimotots",https://www.badok.eus/euskal-musika/pirritx-porrotx-eta-marimotots
1088,Pixontxis,https://www.badok.eus/euskal-musika/pixontxis
1089,Piztiak,https://www.badok.eus/euskal-musika/piztiak
1090,Pleura,https://www.badok.eus/euskal-musika/pleura
1091,Polybius,https://www.badok.eus/euskal-musika/polybius
1092,Popatik,https://www.badok.eus/euskal-musika/popatik
1093,Pornox,https://www.badok.eus/euskal-musika/pornox
1094,Positive Hardcore,https://www.badok.eus/euskal-musika/positive-hardcore
1095,Postal Kolekzionistak,https://www.badok.eus/euskal-musika/postal-kolekzionistak
1096,Potemkin,https://www.badok.eus/euskal-musika/potemkin
1097,Pottoka,https://www.badok.eus/euskal-musika/pottoka
1098,Pottors ta Klito,https://www.badok.eus/euskal-musika/pottors-ta-klito
1099,Potx eta Lotx,https://www.badok.eus/euskal-musika/potx-eta-lotx
1100,Puto Amoak Matematiketan,https://www.badok.eus/euskal-musika/puto-amoak-matematiketan
1101,R,https://www.badok.eus/euskal-musika/r
1102,Radio Revolución,https://www.badok.eus/euskal-musika/radio-revolucion
1103,Rafa Rueda,https://www.badok.eus/euskal-musika/rafa-rueda
1104,Raitx,https://www.badok.eus/euskal-musika/raitx
1105,Raust!,https://www.badok.eus/euskal-musika/raust
1106,Revolta Permanent,https://www.badok.eus/euskal-musika/revolta-permanent
1107,Rig3l,https://www.badok.eus/euskal-musika/rig3l
1108,Ro,https://www.badok.eus/euskal-musika/ro
1109,Rodeo,https://www.badok.eus/euskal-musika/rodeo
1110,Rolan Garces,https://www.badok.eus/euskal-musika/rolan-garces
1111,Rotten XIII,https://www.badok.eus/euskal-musika/rotten-XIII
1112,RS Faktor,https://www.badok.eus/euskal-musika/rs-faktor
1113,Rukula,https://www.badok.eus/euskal-musika/rukula
1114,Rumbo,https://www.badok.eus/euskal-musika/rumbo
1115,Ruper Ordorika,https://www.badok.eus/euskal-musika/ruper-ordorika
1116,S T R,https://www.badok.eus/euskal-musika/s-t-r
1117,S.A.D.,https://www.badok.eus/euskal-musika/s-a-d
1118,Sacco,https://www.badok.eus/euskal-musika/sacco
1119,Sagarroi,https://www.badok.eus/euskal-musika/sagarroi
1120,Saia Goait,https://www.badok.eus/euskal-musika/saia-goait
1121,Saioa,https://www.badok.eus/euskal-musika/saioa
1122,Saioa Taldea,https://www.badok.eus/euskal-musika/saioa-taldea
1123,Sakre,https://www.badok.eus/euskal-musika/sakre
1124,Santa Barbara,https://www.badok.eus/euskal-musika/santa-barbara
1125,Sara Azurza,https://www.badok.eus/euskal-musika/sara-azurza
1126,Sara Zozaya,https://www.badok.eus/euskal-musika/sara-zozaya
1127,Sardeska,https://www.badok.eus/euskal-musika/sardeska
1128,Sarkor,https://www.badok.eus/euskal-musika/sarkor
1129,Sarrabete,https://www.badok.eus/euskal-musika/sarrabete
1130,Sasoi Ilunak,https://www.badok.eus/euskal-musika/sasoi-ilunak
1131,Satelitik,https://www.badok.eus/euskal-musika/satelitik
1132,Saz Le Bolo,https://www.badok.eus/euskal-musika/saz-le-bolo
1133,Sega Sound Killers,https://www.badok.eus/euskal-musika/sega-sound-killers
1134,Seiren,https://www.badok.eus/euskal-musika/seiren
1135,Seitan,https://www.badok.eus/euskal-musika/seitan
1136,Seiurte,https://www.badok.eus/euskal-musika/seiurte
1137,Selektah Kolektiboa,https://www.badok.eus/euskal-musika/selektah-kolektiboa
1138,Sen,https://www.badok.eus/euskal-musika/sen
1139,Sendabelarrak,https://www.badok.eus/euskal-musika/sendabelarrak
1140,Sentimen Beltza,https://www.badok.eus/euskal-musika/sentimen-beltza
1141,Serge,https://www.badok.eus/euskal-musika/serge
1142,Serious Business,https://www.badok.eus/euskal-musika/serious-business
1143,Sermond's,https://www.badok.eus/euskal-musika/sermonds
1144,Serpiente,https://www.badok.eus/euskal-musika/serpiente
1145,Sexty Sexers,https://www.badok.eus/euskal-musika/sexty-sexers
1146,Sharon Stoner,https://www.badok.eus/euskal-musika/sharon-stoner
1147,SigeruBan & Pula Gzon,https://www.badok.eus/euskal-musika/sigeruban-pula-gzon
1148,Silence,https://www.badok.eus/euskal-musika/silence
1149,Silicies Grizzlies,https://www.badok.eus/euskal-musika/silicies-grizzlies
1150,Siroka,https://www.badok.eus/euskal-musika/siroka
1151,Skabidean,https://www.badok.eus/euskal-musika/skabidean
1152,Skakeitan,https://www.badok.eus/euskal-musika/skakeitan
1153,Skarmentu,https://www.badok.eus/euskal-musika/skarmentu
1154,Skasti,https://www.badok.eus/euskal-musika/skasti
1155,Skunk,https://www.badok.eus/euskal-musika/skunk
1156,Sodade,https://www.badok.eus/euskal-musika/sodade
1157,Sofa,https://www.badok.eus/euskal-musika/sofa
1158,Sofokaos,https://www.badok.eus/euskal-musika/sofokaos
1159,Sohano,https://www.badok.eus/euskal-musika/sohano
1160,Solte,https://www.badok.eus/euskal-musika/solte
1161,Sonakay,https://www.badok.eus/euskal-musika/sonakay
1162,Sonic Trash,https://www.badok.eus/euskal-musika/sonic-trash
1163,Sorkari,https://www.badok.eus/euskal-musika/sorkari
1164,Sorkun,https://www.badok.eus/euskal-musika/sorkun
1165,Soroak laukoa,https://www.badok.eus/euskal-musika/soroak-laukoa
1166,Sorotan Babies,https://www.badok.eus/euskal-musika/sorotan-babies
1167,Sorotan Bele,https://www.badok.eus/euskal-musika/sorotan-bele
1168,Split 77,https://www.badok.eus/euskal-musika/split-77
1169,Stai Zitto,https://www.badok.eus/euskal-musika/stai-zitto
1170,Stanislaw,https://www.badok.eus/euskal-musika/stanislaw
1171,StarBlues,https://www.badok.eus/euskal-musika/starblues
1172,Stockholm S,https://www.badok.eus/euskal-musika/stockholm-s
1173,STR,https://www.badok.eus/euskal-musika/str
1174,Streetwise,https://www.badok.eus/euskal-musika/streetwise
1175,Striknina,https://www.badok.eus/euskal-musika/striknina
1176,Stupenda Jones,https://www.badok.eus/euskal-musika/stupenda-jones
1177,Su Ta Gar,https://www.badok.eus/euskal-musika/su-ta-gar
1178,Sua,https://www.badok.eus/euskal-musika/sua
1179,Suaia,https://www.badok.eus/euskal-musika/gorka-suaia-1
1180,Suaia eta Ama Rebel,https://www.badok.eus/euskal-musika/suaia-eta-ama-rebel
1181,Suaia eta Lahaine,https://www.badok.eus/euskal-musika/suhaia-eta-lahaine
1182,Subsistak and The Aggromondarrak,https://www.badok.eus/euskal-musika/subsistak-and-the-aggromondarrak
1183,Sueder,https://www.badok.eus/euskal-musika/sueder
1184,Sugan,https://www.badok.eus/euskal-musika/sugan
1185,Süne,https://www.badok.eus/euskal-musika/sune
1186,Surfin Kaos,https://www.badok.eus/euskal-musika/surfin-kaos
1187,Sustraia,https://www.badok.eus/euskal-musika/sustraia
1188,Sustraian Records,https://www.badok.eus/euskal-musika/sustraian-records
1189,Sustrajah Band,https://www.badok.eus/euskal-musika/sustrajah-band
1190,Sutan,https://www.badok.eus/euskal-musika/sutan
1191,Tadusak,https://www.badok.eus/euskal-musika/tadusak
1192,Tania de Sousa,https://www.badok.eus/euskal-musika/tania-de-sousa
1193,Tanta,https://www.badok.eus/euskal-musika/tanta
1194,Tapia eta Leturia,https://www.badok.eus/euskal-musika/tapia-eta-leturia
1195,Tara,https://www.badok.eus/euskal-musika/tara
1196,Tatxers,https://www.badok.eus/euskal-musika/tatxers
1197,Taupada,https://www.badok.eus/euskal-musika/taupada
1198,Telmo Trenor,https://www.badok.eus/euskal-musika/telmo-trenor
1199,Tenpora,https://www.badok.eus/euskal-musika/tenpora
1200,Testura,https://www.badok.eus/euskal-musika/testura
1201,The Bobby's,https://www.badok.eus/euskal-musika/the-bobbys
1202,The Crazy Wheels Band,https://www.badok.eus/euskal-musika/the-crazy-wheels-band
1203,The Friday's Crew,https://www.badok.eus/euskal-musika/the-fridays-crew
1204,The Icer Company,https://www.badok.eus/euskal-musika/the-icer-company
1205,The Lasai,https://www.badok.eus/euskal-musika/the-lasai
1206,The Lio,https://www.badok.eus/euskal-musika/the-lio
1207,The Longboards,https://www.badok.eus/euskal-musika/the-longboards
1208,The Potes,https://www.badok.eus/euskal-musika/the-potes
1209,The Solanos,https://www.badok.eus/euskal-musika/the-solanos
1210,The Sparteens,https://www.badok.eus/euskal-musika/the-sparteens
1211,The Uski's,https://www.badok.eus/euskal-musika/the-uskis
1212,The Window Ventanas,https://www.badok.eus/euskal-musika/the-window-ventanas
1213,Thierry Biscary,https://www.badok.eus/euskal-musika/thierry-biscary
1214,TikTara,https://www.badok.eus/euskal-musika/tiktara
1215,Tiro,https://www.badok.eus/euskal-musika/tiro
1216,TOC,https://www.badok.eus/euskal-musika/toc
1217,Tooth,https://www.badok.eus/euskal-musika/tooth
1218,Topeka,https://www.badok.eus/euskal-musika/topeka
1219,Torii,https://www.badok.eus/euskal-musika/torii
1220,TrapHero,https://www.badok.eus/euskal-musika/traphero
1221,TRB,https://www.badok.eus/euskal-musika/trb
1222,Trepi eta Arawak,https://www.badok.eus/euskal-musika/trepi-eta-arawak
1223,Trigger,https://www.badok.eus/euskal-musika/trigger
1224,Trilita,https://www.badok.eus/euskal-musika/trilita
1225,Trini Fox,https://www.badok.eus/euskal-musika/trini-fox
1226,Tross ta Petri,https://www.badok.eus/euskal-musika/tross-ta-petri
1227,Trumbo,https://www.badok.eus/euskal-musika/trumbo
1228,Ttinka,https://www.badok.eus/euskal-musika/ttinka
1229,Ttun Ttun Brigade,https://www.badok.eus/euskal-musika/tttunttun-brigade
1230,Tu-k,https://www.badok.eus/euskal-musika/tu-k
1231,Tutan Come On,https://www.badok.eus/euskal-musika/tutan-come-on
1232,Tutiliklas,https://www.badok.eus/euskal-musika/tutiliklas
1233,Txairo,https://www.badok.eus/euskal-musika/txairo
1234,Txakun,https://www.badok.eus/euskal-musika/txakun
1235,Txanbela,https://www.badok.eus/euskal-musika/txanbela
1236,Txangot,https://www.badok.eus/euskal-musika/txangot
1237,Txapelpunk,https://www.badok.eus/euskal-musika/txapelpunk
1238,Txavvo,https://www.badok.eus/euskal-musika/txavvo
1239,Txekoslobako,https://www.badok.eus/euskal-musika/txekoslobako
1240,Txilly,https://www.badok.eus/euskal-musika/chilly
1241,Txiltxoko,https://www.badok.eus/euskal-musika/txiltxoko
1242,Txo,https://www.badok.eus/euskal-musika/txo
1243,Txomin Artola,https://www.badok.eus/euskal-musika/txomin-artola
1244,Txomin Catalogne,https://www.badok.eus/euskal-musika/txomin-catalogne
1245,Txopet,https://www.badok.eus/euskal-musika/txopet
1246,Txorroskilo,https://www.badok.eus/euskal-musika/txorroskilo
1247,Txost!,https://www.badok.eus/euskal-musika/txost
1248,Txuma Murugarren,https://www.badok.eus/euskal-musika/txuma-murugarren
1249,TZA!,https://www.badok.eus/euskal-musika/tza
1250,Tzar,https://www.badok.eus/euskal-musika/tzar
1251,U.K. Bill,https://www.badok.eus/euskal-musika/uk-bill
1252,Uek,https://www.badok.eus/euskal-musika/uek
1253,Uger,https://www.badok.eus/euskal-musika/uger
1254,Unai Etxebarria,https://www.badok.eus/euskal-musika/unai-etxebarria
1255,Unaim,https://www.badok.eus/euskal-musika/unaim
1256,Unama,https://www.badok.eus/euskal-musika/unama
1257,Une,https://www.badok.eus/euskal-musika/une
1258,Unidad Alavesa,https://www.badok.eus/euskal-musika/unidad-alavesa
1259,UR,https://www.badok.eus/euskal-musika/ur
1260,Urgatz,https://www.badok.eus/euskal-musika/urgatz
1261,Urko,https://www.badok.eus/euskal-musika/urko
1262,Urko Menaia,https://www.badok.eus/euskal-musika/urko-menaia
1263,Urretxindorrak,https://www.badok.eus/euskal-musika/urretxindorrak
1264,Urria,https://www.badok.eus/euskal-musika/urria
1265,Urtz,https://www.badok.eus/euskal-musika/urtz
1266,Utikan,https://www.badok.eus/euskal-musika/utikan
1267,Uztail Oparo Ostean,https://www.badok.eus/euskal-musika/uztail-oparo-ostean
1268,Velozet,https://www.badok.eus/euskal-musika/velozet
1269,Vendetta,https://www.badok.eus/euskal-musika/vendetta
1270,Verde Prato,https://www.badok.eus/euskal-musika/verde-prato
1271,Viafara,https://www.badok.eus/euskal-musika/viafara
1272,Virenque,https://www.badok.eus/euskal-musika/virenque
1273,Vivak,https://www.badok.eus/euskal-musika/vivak
1274,Voltaia,https://www.badok.eus/euskal-musika/voltaia
1275,Vulk,https://www.badok.eus/euskal-musika/vulk
1276,William S. Fisher,https://www.badok.eus/euskal-musika/william-s-fisher
1277,Willis Drummond,https://www.badok.eus/euskal-musika/willis-drummond
1278,Wood Strings,https://www.badok.eus/euskal-musika/wood-strings
1279,X5 kolektiboa,https://www.badok.eus/euskal-musika/x5-kolektiboa
1280,Xabaltx,https://www.badok.eus/euskal-musika/xabaltx
1281,Xabi Aburruzaga,https://www.badok.eus/euskal-musika/xabi-aburruzaga
1282,Xabi Bandini,https://www.badok.eus/euskal-musika/xabi-bandini
1283,Xabi Hoo,https://www.badok.eus/euskal-musika/hoo
1284,Xabi San Sebastian,https://www.badok.eus/euskal-musika/xabi-san-sebastian
1285,Xabi Solano Maiza,https://www.badok.eus/euskal-musika/xabi-solano-maiza
1286,Xabier Crehuet,https://www.badok.eus/euskal-musika/xabier-crehuet
1287,Xabier Lete,https://www.badok.eus/euskal-musika/xabier-lete
1288,Xabier Madina,https://www.badok.eus/euskal-musika/xabier-madina
1289,Xabier Montoia,https://www.badok.eus/euskal-musika/xabier-montoia
1290,Xabier Saldias,https://www.badok.eus/euskal-musika/xabier-saldias
1291,Xaiko,https://www.badok.eus/euskal-musika/xaiko
1292,Xalbador eta Ihidoi,https://www.badok.eus/euskal-musika/xalbador-eta-ihidoi
1293,Xano,https://www.badok.eus/euskal-musika/xano
1294,Xarma,https://www.badok.eus/euskal-musika/xarma
1295,Xarnege,https://www.badok.eus/euskal-musika/xarnege
1296,Xatiro,https://www.badok.eus/euskal-musika/xatiro
1297,Xaximiku,https://www.badok.eus/euskal-musika/xaximiku
1298,Xeberri,https://www.badok.eus/euskal-musika/xeberri
1299,Xendarineko Ahizpak,https://www.badok.eus/euskal-musika/xendarineko-ahizpak
1300,Xiberoots,https://www.badok.eus/euskal-musika/xiberoots
1301,Xiberotarrak,https://www.badok.eus/euskal-musika/xiberotarrak
1302,Xoriñoak Kaloian,https://www.badok.eus/euskal-musika/xorinoak-kaloian
1303,XSakara,https://www.badok.eus/euskal-musika/xsakara
1304,Xutik,https://www.badok.eus/euskal-musika/xutik
1305,Yakuzi,https://www.badok.eus/euskal-musika/yakuzi
1306,Yaw,https://www.badok.eus/euskal-musika/yaw
1307,Yogurinha Borova,https://www.badok.eus/euskal-musika/yogurinha-borova
1308,Yoko Out,https://www.badok.eus/euskal-musika/yoko-out
1309,Z-erua,https://www.badok.eus/euskal-musika/z-erua
1310,Zain,https://www.badok.eus/euskal-musika/zain
1311,Zakill,https://www.badok.eus/euskal-musika/zakill
1312,Zakillers,https://www.badok.eus/euskal-musika/zakillers
1313,Zaldibobo,https://www.badok.eus/euskal-musika/zaldibobo
1314,Zallek,https://www.badok.eus/euskal-musika/zallek
1315,Zamarra eta Aterkia,https://www.badok.eus/euskal-musika/zamarra-eta-aterkia
1316,Zaparra,https://www.badok.eus/euskal-musika/zaparra
1317,Zarama,https://www.badok.eus/euskal-musika/zarama
1318,Zaratamakers,https://www.badok.eus/euskal-musika/zaratamakers
1319,Zartako-K,https://www.badok.eus/euskal-musika/zartako-k
1320,Zatorrak,https://www.badok.eus/euskal-musika/zatorrak
1321,Zazkel,https://www.badok.eus/euskal-musika/zazkel
1322,Zazpi Eskale,https://www.badok.eus/euskal-musika/zazpi-eskale
1323,Ze Esatek!,https://www.badok.eus/euskal-musika/ze-esatek
1324,Zea Mays,https://www.badok.eus/euskal-musika/zea-mays
1325,Zein da Zein?,https://www.badok.eus/euskal-musika/zein-da-zein
1326,Zein?,https://www.badok.eus/euskal-musika/zein
1327,Zeinke,https://www.badok.eus/euskal-musika/zeinke
1328,Zeker,https://www.badok.eus/euskal-musika/zeker
1329,Zelanda,https://www.badok.eus/euskal-musika/zelanda
1330,Zen,https://www.badok.eus/euskal-musika/zen
1331,Zesura Euskal Rap,https://www.badok.eus/euskal-musika/zesura
1332,Zetak,https://www.badok.eus/euskal-musika/zetak
1333,Zezenaren Taldea,https://www.badok.eus/euskal-musika/zezenaren-taldea
1334,Ziakhus,https://www.badok.eus/euskal-musika/ziakhus
1335,Zigor Gazkez,https://www.badok.eus/euskal-musika/zigor-gazkez
1336,Zikin,https://www.badok.eus/euskal-musika/zikin
1337,Ziklone,https://www.badok.eus/euskal-musika/ziklone
1338,Zinez,https://www.badok.eus/euskal-musika/zinez
1339,Zingira,https://www.badok.eus/euskal-musika/zingira
1340,Ziraun,https://www.badok.eus/euskal-musika/ziraun
1341,Zizel,https://www.badok.eus/euskal-musika/zizel
1342,Ziztada & Rlantz,https://www.badok.eus/euskal-musika/ziztada-rlantz
1343,ZKH,https://www.badok.eus/euskal-musika/zkh
1344,Zona Cero,https://www.badok.eus/euskal-musika/zona-cero
1345,Zoo,https://www.badok.eus/euskal-musika/zoo
1346,Zorion Egileor,https://www.badok.eus/euskal-musika/zorion-egileor
1347,Zortzi,https://www.badok.eus/euskal-musika/zortzi
1348,zozo,https://www.badok.eus/euskal-musika/zozo
1349,Ztah,https://www.badok.eus/euskal-musika/ztah
1350,Zuen Ahotsa,https://www.badok.eus/euskal-musika/zuen-ahotsa
1351,Zuga,https://www.badok.eus/euskal-musika/zuga
1352,Zuhainpeko Soinuak,https://www.badok.eus/euskal-musika/zuhainpeko-soinuak
1353,Zuhaitz Zatitxuak Blues Band,https://www.badok.eus/euskal-musika/zuhaitz-zatitxuak-blues-band
1354,Zuloak,https://www.badok.eus/euskal-musika/zuloak
1355,Zura,https://www.badok.eus/euskal-musika/zura
